{"v":"5.8.1","fr":60,"ip":180,"op":331,"w":512,"h":512,"nm":"05_spit","ddd":0,"assets":[{"id":"comp_0","nm":"Pre-comp 284","fr":60,"layers":[{"ddd":0,"ind":1,"ty":3,"nm":"all_move","sr":1,"ks":{"o":{"a":0,"k":0,"ix":11},"r":{"a":0,"k":0,"ix":10},"p":{"a":1,"k":[{"i":{"x":0.15,"y":1},"o":{"x":0.18,"y":0},"t":190,"s":[261.619,483.633,0],"to":[0,0,0],"ti":[0,0,0]},{"i":{"x":0.15,"y":0.15},"o":{"x":0.167,"y":0.167},"t":216,"s":[231.619,483.633,0],"to":[0,0,0],"ti":[0,0,0]},{"i":{"x":0.15,"y":1},"o":{"x":0.18,"y":0},"t":271,"s":[231.619,483.633,0],"to":[0,0,0],"ti":[0,0,0]},{"t":297,"s":[261.619,483.633,0]}],"ix":2,"l":2},"a":{"a":0,"k":[50,100,0],"ix":1,"l":2},"s":{"a":1,"k":[{"i":{"x":[0.15,0.15,0.15],"y":[1,1,1]},"o":{"x":[0.18,0.18,0.18],"y":[0,0,0]},"t":190,"s":[110,110,100]},{"i":{"x":[0.15,0.15,0.15],"y":[1,1,1]},"o":{"x":[0.167,0.167,0.167],"y":[0,0,0]},"t":216,"s":[100,100,100]},{"i":{"x":[0.15,0.15,0.15],"y":[1,1,1]},"o":{"x":[0.18,0.18,0.18],"y":[0,0,0]},"t":271,"s":[100,100,100]},{"t":297,"s":[110,110,100]}],"ix":6,"l":2}},"ao":0,"ip":0,"op":600,"st":0,"bm":0},{"ddd":0,"ind":2,"ty":3,"nm":"ALL","parent":1,"sr":1,"ks":{"o":{"a":0,"k":0,"ix":11},"r":{"a":0,"k":0,"ix":10},"p":{"a":0,"k":[47.721,116.945,0],"ix":2,"l":2},"a":{"a":0,"k":[50,119,0],"ix":1,"l":2},"s":{"a":1,"k":[{"i":{"x":[0.667,0.667,0.667],"y":[1,1,1]},"o":{"x":[0.333,0.333,0.333],"y":[0,0,0]},"t":182,"s":[100,100,100]},{"i":{"x":[0.25,0.25,0.25],"y":[1,1,1]},"o":{"x":[0.333,0.333,0.333],"y":[0,0,0]},"t":190,"s":[102,98,100]},{"i":{"x":[0.667,0.667,0.667],"y":[1,1,1]},"o":{"x":[0.33,0.33,0.33],"y":[0,0,0]},"t":210,"s":[95,105,100]},{"i":{"x":[0.667,0.667,0.667],"y":[1,1,1]},"o":{"x":[0.333,0.333,0.333],"y":[0,0,0]},"t":216,"s":[105,95,100]},{"i":{"x":[0.667,0.667,0.667],"y":[1,1,1]},"o":{"x":[0.333,0.333,0.333],"y":[0,0,0]},"t":226,"s":[95,105,100]},{"i":{"x":[0.667,0.667,0.667],"y":[1,1,1]},"o":{"x":[0.333,0.333,0.333],"y":[0,0,0]},"t":240,"s":[102,98,100]},{"i":{"x":[0.667,0.667,0.667],"y":[1,1,1]},"o":{"x":[0.333,0.333,0.333],"y":[0,0,0]},"t":253,"s":[100,100,100]},{"i":{"x":[0.667,0.667,0.667],"y":[1,1,1]},"o":{"x":[0.333,0.333,0.333],"y":[0,0,0]},"t":267,"s":[100,100,100]},{"i":{"x":[0.667,0.667,0.667],"y":[1,1,1]},"o":{"x":[0.333,0.333,0.333],"y":[0,0,0]},"t":277,"s":[105,95,100]},{"i":{"x":[0.667,0.667,0.667],"y":[1,1,1]},"o":{"x":[0.167,0.167,0.167],"y":[0,0,0]},"t":287,"s":[97,103,100]},{"i":{"x":[0.667,0.667,0.667],"y":[1,1,1]},"o":{"x":[0.167,0.167,0.167],"y":[0,0,0]},"t":296,"s":[102,98,100]},{"t":304,"s":[100,100,100]}],"ix":6,"l":2}},"ao":0,"ip":0,"op":600,"st":0,"bm":0},{"ddd":0,"ind":3,"ty":3,"nm":"face 3","parent":25,"sr":1,"ks":{"o":{"a":0,"k":0,"ix":11},"r":{"a":0,"k":0,"ix":10},"p":{"a":1,"k":[{"i":{"x":0.6,"y":1},"o":{"x":0.44,"y":0},"t":173,"s":[264.981,190.85,0],"to":[0,0,0],"ti":[0,0,0]},{"i":{"x":0.833,"y":0.833},"o":{"x":0.167,"y":0.167},"t":183,"s":[248.981,190.85,0],"to":[0,0,0],"ti":[0,0,0]},{"i":{"x":0.6,"y":1},"o":{"x":0.44,"y":0},"t":284,"s":[248.981,190.85,0],"to":[0,0,0],"ti":[0,0,0]},{"i":{"x":0.6,"y":1},"o":{"x":0.44,"y":0},"t":294,"s":[231.981,190.85,0],"to":[0,0,0],"ti":[0,0,0]},{"i":{"x":0.6,"y":1},"o":{"x":0.44,"y":0},"t":304,"s":[264.981,190.85,0],"to":[0,0,0],"ti":[0,0,0]},{"i":{"x":0.6,"y":1},"o":{"x":0.44,"y":0},"t":314,"s":[231.981,190.85,0],"to":[0,0,0],"ti":[0,0,0]},{"i":{"x":0.6,"y":1},"o":{"x":0.44,"y":0},"t":324,"s":[264.981,190.85,0],"to":[0,0,0],"ti":[0,0,0]},{"t":334,"s":[248.981,190.85,0]}],"ix":2,"l":2},"a":{"a":0,"k":[50,50,0],"ix":1,"l":2},"s":{"a":0,"k":[100,100,100],"ix":6,"l":2}},"ao":0,"ip":0,"op":600,"st":0,"bm":0},{"ddd":0,"ind":4,"ty":3,"nm":"face 2","parent":3,"sr":1,"ks":{"o":{"a":0,"k":0,"ix":11},"r":{"a":0,"k":0,"ix":10},"p":{"a":1,"k":[{"i":{"x":0.667,"y":1},"o":{"x":0.333,"y":0},"t":183,"s":[50,50,0],"to":[0,0,0],"ti":[0,0,0]},{"i":{"x":0.25,"y":1},"o":{"x":0.333,"y":0},"t":191,"s":[50,70,0],"to":[0,0,0],"ti":[0,0,0]},{"i":{"x":0.667,"y":1},"o":{"x":0.33,"y":0},"t":211,"s":[50,30,0],"to":[0,0,0],"ti":[0,0,0]},{"i":{"x":0.667,"y":1},"o":{"x":0.333,"y":0},"t":217,"s":[50,70,0],"to":[0,0,0],"ti":[0,0,0]},{"i":{"x":0.667,"y":0.667},"o":{"x":0.333,"y":0.333},"t":227,"s":[50,50,0],"to":[0,0,0],"ti":[0,0,0]},{"i":{"x":0.667,"y":1},"o":{"x":0.333,"y":0},"t":268,"s":[50,50,0],"to":[0,0,0],"ti":[0,0,0]},{"i":{"x":0.667,"y":1},"o":{"x":0.333,"y":0},"t":278,"s":[50,81.696,0],"to":[0,0,0],"ti":[0,0,0]},{"t":288,"s":[50,50,0]}],"ix":2,"l":2},"a":{"a":0,"k":[50,50,0],"ix":1,"l":2},"s":{"a":0,"k":[100,100,100],"ix":6,"l":2}},"ao":0,"ip":0,"op":600,"st":0,"bm":0},{"ddd":0,"ind":5,"ty":3,"nm":"face","parent":4,"sr":1,"ks":{"o":{"a":0,"k":0,"ix":11},"r":{"a":1,"k":[{"i":{"x":[0.667],"y":[1]},"o":{"x":[0.333],"y":[0]},"t":190,"s":[0]},{"i":{"x":[0.667],"y":[1]},"o":{"x":[0.333],"y":[0]},"t":210,"s":[-5]},{"i":{"x":[0.667],"y":[1]},"o":{"x":[0.333],"y":[0]},"t":216,"s":[5]},{"t":226,"s":[0]}],"ix":10},"p":{"a":1,"k":[{"i":{"x":0.667,"y":1},"o":{"x":0.333,"y":0},"t":183,"s":[50,50,0],"to":[0,0,0],"ti":[0,0,0]},{"i":{"x":0.25,"y":1},"o":{"x":0.333,"y":0},"t":191,"s":[60,50,0],"to":[0,0,0],"ti":[0,0,0]},{"i":{"x":0.667,"y":1},"o":{"x":0.33,"y":0},"t":211,"s":[30,50,0],"to":[0,0,0],"ti":[0,0,0]},{"i":{"x":0.667,"y":0.667},"o":{"x":0.333,"y":0.333},"t":217,"s":[102,50,0],"to":[0,0,0],"ti":[0,0,0]},{"i":{"x":0.667,"y":1},"o":{"x":0.333,"y":0},"t":268,"s":[102,50,0],"to":[0,0,0],"ti":[0,0,0]},{"t":288,"s":[50,50,0]}],"ix":2,"l":2},"a":{"a":0,"k":[50,50,0],"ix":1,"l":2},"s":{"a":0,"k":[100,100,100],"ix":6,"l":2}},"ao":0,"ip":0,"op":600,"st":0,"bm":0},{"ddd":0,"ind":6,"ty":4,"nm":"spit","parent":2,"sr":1,"ks":{"o":{"a":0,"k":100,"ix":11},"r":{"a":1,"k":[{"i":{"x":[0.833],"y":[1]},"o":{"x":[0.333],"y":[0]},"t":216,"s":[-44.569]},{"t":227,"s":[14.083]}],"ix":10},"p":{"a":1,"k":[{"i":{"x":0.833,"y":0.833},"o":{"x":0.167,"y":0.167},"t":216,"s":[135.562,-96.299,0],"to":[0,0,0],"ti":[-11.922,-3.104,0]},{"i":{"x":0.833,"y":0.833},"o":{"x":0.167,"y":0.167},"t":217,"s":[154.891,-71.576,0],"to":[33.476,8.717,0],"ti":[-40.674,-88.714,0]},{"t":227,"s":[298.12,33.109,0]}],"ix":2,"l":2},"a":{"a":0,"k":[389.676,239.226,0],"ix":1,"l":2},"s":{"a":1,"k":[{"i":{"x":[0.667,0.667,0.667],"y":[1,1,1]},"o":{"x":[0.333,0.333,0.333],"y":[0,0,0]},"t":216,"s":[0,0,100]},{"i":{"x":[0.667,0.667,0.667],"y":[1,1,1]},"o":{"x":[0.333,0.333,0.333],"y":[0,0,0]},"t":218,"s":[75,76.053,100]},{"i":{"x":[0.667,0.667,0.667],"y":[1,1,1]},"o":{"x":[0.333,0.333,0.333],"y":[0,0,0]},"t":225,"s":[75,76.053,100]},{"t":227,"s":[0,0,100]}],"ix":6,"l":2}},"ao":0,"shapes":[{"ty":"gr","it":[{"ind":0,"ty":"sh","ix":1,"ks":{"a":1,"k":[{"i":{"x":0.667,"y":1},"o":{"x":0.333,"y":0},"t":216,"s":[{"i":[[3.66,-2.468],[-12.073,-14.587],[12.533,18.202]],"o":[[-4.102,2.766],[14.295,17.272],[-4.98,-7.233]],"v":[[-5.286,-5.169],[-6.798,18.702],[17.289,0.698]],"c":true}]},{"i":{"x":0.667,"y":1},"o":{"x":0.333,"y":0},"t":220,"s":[{"i":[[3.66,-2.468],[-12.073,-14.587],[12.656,18.117]],"o":[[-4.102,2.766],[14.295,17.272],[-13.124,-18.787]],"v":[[-19.584,-25.484],[-6.798,18.702],[17.289,0.698]],"c":true}]},{"t":226,"s":[{"i":[[3.66,-2.468],[-12.073,-14.587],[12.533,18.202]],"o":[[-4.102,2.766],[14.295,17.272],[-4.98,-7.233]],"v":[[-5.286,-5.169],[-6.798,18.702],[17.289,0.698]],"c":true}]}],"ix":2},"nm":"Path 1","mn":"ADBE Vector Shape - Group","hd":false},{"ty":"st","c":{"a":0,"k":[0.090196080506,0.129411771894,0.176470592618,1],"ix":3},"o":{"a":0,"k":100,"ix":4},"w":{"a":0,"k":10.227,"ix":5},"lc":2,"lj":2,"bm":0,"nm":"Stroke 1","mn":"ADBE Vector Graphic - Stroke","hd":false},{"ty":"tr","p":{"a":0,"k":[410.696,265.084],"ix":2},"a":{"a":0,"k":[0,0],"ix":1},"s":{"a":0,"k":[100,100],"ix":3},"r":{"a":0,"k":0,"ix":6},"o":{"a":0,"k":100,"ix":7},"sk":{"a":0,"k":0,"ix":4},"sa":{"a":0,"k":0,"ix":5},"nm":"Transform"}],"nm":"Group 1","np":2,"cix":2,"bm":0,"ix":1,"mn":"ADBE Vector Group","hd":false},{"ty":"gr","it":[{"ind":0,"ty":"sh","ix":1,"ks":{"a":1,"k":[{"i":{"x":0.667,"y":1},"o":{"x":0.333,"y":0},"t":216,"s":[{"i":[[-4.855,2.996],[-7.274,-6.45],[6.024,12.537]],"o":[[0,0],[10.348,9.175],[-4.721,-9.824]],"v":[[3.171,3.382],[17.699,6.045],[-6.691,20.939]],"c":true}]},{"i":{"x":0.667,"y":1},"o":{"x":0.333,"y":0},"t":220,"s":[{"i":[[-4.855,2.996],[-7.008,-11.923],[6.896,12.079]],"o":[[0,0],[7.008,11.923],[-6.896,-12.079]],"v":[[-11.127,-16.933],[12.784,-0.938],[-8.211,12.16]],"c":true}]},{"t":226,"s":[{"i":[[-4.855,2.996],[-7.274,-6.45],[6.024,12.537]],"o":[[0,0],[10.348,9.175],[-4.721,-9.824]],"v":[[3.171,3.382],[17.699,6.045],[-6.691,20.939]],"c":true}]}],"ix":2},"nm":"Path 1","mn":"ADBE Vector Shape - Group","hd":false},{"ty":"gf","o":{"a":0,"k":100,"ix":10},"r":1,"bm":0,"g":{"p":3,"k":{"a":0,"k":[0,0.267,0.412,0.62,0.661,0.218,0.31,0.445,1,0.169,0.208,0.271,0,1,0.661,0.5,1,0],"ix":9}},"s":{"a":0,"k":[-472.216,2121.711],"ix":5},"e":{"a":0,"k":[-452.654,2152.666],"ix":6},"t":1,"nm":"Gradient Fill 1","mn":"ADBE Vector Graphic - G-Fill","hd":false},{"ty":"tr","p":{"a":0,"k":[405.704,256.338],"ix":2},"a":{"a":0,"k":[0,0],"ix":1},"s":{"a":0,"k":[100,100],"ix":3},"r":{"a":0,"k":0,"ix":6},"o":{"a":0,"k":100,"ix":7},"sk":{"a":0,"k":0,"ix":4},"sa":{"a":0,"k":0,"ix":5},"nm":"Transform"}],"nm":"Group 2","np":2,"cix":2,"bm":0,"ix":2,"mn":"ADBE Vector Group","hd":false},{"ty":"gr","it":[{"ind":0,"ty":"sh","ix":1,"ks":{"a":1,"k":[{"i":{"x":0.667,"y":1},"o":{"x":0.333,"y":0},"t":216,"s":[{"i":[[3.66,-2.468],[-12.073,-14.587],[15.07,16.165]],"o":[[-4.102,2.766],[14.295,17.272],[-8.288,-8.891]],"v":[[-5.286,-5.169],[-6.798,18.702],[17.289,0.698]],"c":true}]},{"i":{"x":0.667,"y":1},"o":{"x":0.333,"y":0},"t":220,"s":[{"i":[[3.66,-2.468],[-12.073,-14.587],[12.656,18.117]],"o":[[-4.102,2.766],[14.295,17.272],[-13.124,-18.787]],"v":[[-19.584,-25.484],[-6.798,18.702],[17.289,0.698]],"c":true}]},{"t":226,"s":[{"i":[[3.66,-2.468],[-12.073,-14.587],[15.07,16.165]],"o":[[-4.102,2.766],[14.295,17.272],[-8.288,-8.891]],"v":[[-5.286,-5.169],[-6.798,18.702],[17.289,0.698]],"c":true}]}],"ix":2},"nm":"Path 1","mn":"ADBE Vector Shape - Group","hd":false},{"ty":"fl","c":{"a":0,"k":[0.168627455831,0.207843139768,0.270588248968,1],"ix":4},"o":{"a":0,"k":100,"ix":5},"r":1,"bm":0,"nm":"Fill 1","mn":"ADBE Vector Graphic - Fill","hd":false},{"ty":"tr","p":{"a":0,"k":[410.696,265.084],"ix":2},"a":{"a":0,"k":[0,0],"ix":1},"s":{"a":0,"k":[100,100],"ix":3},"r":{"a":0,"k":0,"ix":6},"o":{"a":0,"k":100,"ix":7},"sk":{"a":0,"k":0,"ix":4},"sa":{"a":0,"k":0,"ix":5},"nm":"Transform"}],"nm":"Group 3","np":2,"cix":2,"bm":0,"ix":3,"mn":"ADBE Vector Group","hd":false}],"ip":216,"op":228,"st":19,"bm":0},{"ddd":0,"ind":7,"ty":4,"nm":"spit","parent":2,"sr":1,"ks":{"o":{"a":0,"k":100,"ix":11},"r":{"a":1,"k":[{"i":{"x":[0.833],"y":[1]},"o":{"x":[0.333],"y":[0]},"t":216,"s":[-55.53]},{"t":229,"s":[-14.934]}],"ix":10},"p":{"a":1,"k":[{"i":{"x":0.833,"y":0.833},"o":{"x":0.167,"y":0.167},"t":216,"s":[106.515,-129.698,0],"to":[0,0,0],"ti":[-11.644,-1.166,0]},{"i":{"x":0.833,"y":0.833},"o":{"x":0.167,"y":0.167},"t":217,"s":[125.299,-107.572,0],"to":[42.153,4.222,0],"ti":[-35.241,-93.888,0]},{"t":229,"s":[303.879,-10.538,0]}],"ix":2,"l":2},"a":{"a":0,"k":[389.676,239.226,0],"ix":1,"l":2},"s":{"a":1,"k":[{"i":{"x":[0.667,0.667,0.667],"y":[1,1,1]},"o":{"x":[0.333,0.333,0.333],"y":[0,0,0]},"t":216,"s":[0,0,100]},{"i":{"x":[0.667,0.667,0.667],"y":[1,1,1]},"o":{"x":[0.333,0.333,0.333],"y":[0,0,0]},"t":218,"s":[125,126.754,100]},{"i":{"x":[0.667,0.667,0.667],"y":[1,1,1]},"o":{"x":[0.333,0.333,0.333],"y":[0,0,0]},"t":224,"s":[113.958,116.073,100]},{"t":229,"s":[0,0,100]}],"ix":6,"l":2}},"ao":0,"shapes":[{"ty":"gr","it":[{"ind":0,"ty":"sh","ix":1,"ks":{"a":1,"k":[{"i":{"x":0.667,"y":1},"o":{"x":0.333,"y":0},"t":220,"s":[{"i":[[3.66,-2.468],[-12.073,-14.587],[12.656,18.117]],"o":[[-4.102,2.766],[14.295,17.272],[-13.124,-18.787]],"v":[[-19.584,-25.484],[-6.798,18.702],[17.289,0.698]],"c":true}]},{"t":227,"s":[{"i":[[3.66,-2.468],[-12.073,-14.587],[12.533,18.202]],"o":[[-4.102,2.766],[14.295,17.272],[-4.98,-7.233]],"v":[[-5.286,-5.169],[-6.798,18.702],[17.289,0.698]],"c":true}]}],"ix":2},"nm":"Path 1","mn":"ADBE Vector Shape - Group","hd":false},{"ty":"st","c":{"a":0,"k":[0.090196080506,0.129411771894,0.176470592618,1],"ix":3},"o":{"a":0,"k":100,"ix":4},"w":{"a":0,"k":10.227,"ix":5},"lc":2,"lj":2,"bm":0,"nm":"Stroke 1","mn":"ADBE Vector Graphic - Stroke","hd":false},{"ty":"tr","p":{"a":0,"k":[410.696,265.084],"ix":2},"a":{"a":0,"k":[0,0],"ix":1},"s":{"a":0,"k":[100,100],"ix":3},"r":{"a":0,"k":0,"ix":6},"o":{"a":0,"k":100,"ix":7},"sk":{"a":0,"k":0,"ix":4},"sa":{"a":0,"k":0,"ix":5},"nm":"Transform"}],"nm":"Group 1","np":2,"cix":2,"bm":0,"ix":1,"mn":"ADBE Vector Group","hd":false},{"ty":"gr","it":[{"ind":0,"ty":"sh","ix":1,"ks":{"a":1,"k":[{"i":{"x":0.667,"y":1},"o":{"x":0.333,"y":0},"t":220,"s":[{"i":[[-4.855,2.996],[-7.008,-11.923],[6.896,12.079]],"o":[[0,0],[7.008,11.923],[-6.896,-12.079]],"v":[[-11.127,-16.933],[12.784,-0.938],[-8.211,12.16]],"c":true}]},{"t":227,"s":[{"i":[[-4.855,2.996],[-7.274,-6.45],[6.024,12.537]],"o":[[0,0],[10.348,9.175],[-4.721,-9.824]],"v":[[3.171,3.382],[17.699,6.045],[-6.691,20.939]],"c":true}]}],"ix":2},"nm":"Path 1","mn":"ADBE Vector Shape - Group","hd":false},{"ty":"gf","o":{"a":0,"k":100,"ix":10},"r":1,"bm":0,"g":{"p":3,"k":{"a":0,"k":[0,0.267,0.412,0.62,0.661,0.218,0.31,0.445,1,0.169,0.208,0.271,0,1,0.661,0.5,1,0],"ix":9}},"s":{"a":0,"k":[-472.216,2121.711],"ix":5},"e":{"a":0,"k":[-452.654,2152.666],"ix":6},"t":1,"nm":"Gradient Fill 1","mn":"ADBE Vector Graphic - G-Fill","hd":false},{"ty":"tr","p":{"a":0,"k":[405.704,256.338],"ix":2},"a":{"a":0,"k":[0,0],"ix":1},"s":{"a":0,"k":[100,100],"ix":3},"r":{"a":0,"k":0,"ix":6},"o":{"a":0,"k":100,"ix":7},"sk":{"a":0,"k":0,"ix":4},"sa":{"a":0,"k":0,"ix":5},"nm":"Transform"}],"nm":"Group 2","np":2,"cix":2,"bm":0,"ix":2,"mn":"ADBE Vector Group","hd":false},{"ty":"gr","it":[{"ind":0,"ty":"sh","ix":1,"ks":{"a":1,"k":[{"i":{"x":0.667,"y":1},"o":{"x":0.333,"y":0},"t":220,"s":[{"i":[[3.66,-2.468],[-12.073,-14.587],[12.656,18.117]],"o":[[-4.102,2.766],[14.295,17.272],[-13.124,-18.787]],"v":[[-19.584,-25.484],[-6.798,18.702],[17.289,0.698]],"c":true}]},{"t":227,"s":[{"i":[[3.66,-2.468],[-12.073,-14.587],[15.07,16.165]],"o":[[-4.102,2.766],[14.295,17.272],[-8.288,-8.891]],"v":[[-5.286,-5.169],[-6.798,18.702],[17.289,0.698]],"c":true}]}],"ix":2},"nm":"Path 1","mn":"ADBE Vector Shape - Group","hd":false},{"ty":"fl","c":{"a":0,"k":[0.168627455831,0.207843139768,0.270588248968,1],"ix":4},"o":{"a":0,"k":100,"ix":5},"r":1,"bm":0,"nm":"Fill 1","mn":"ADBE Vector Graphic - Fill","hd":false},{"ty":"tr","p":{"a":0,"k":[410.696,265.084],"ix":2},"a":{"a":0,"k":[0,0],"ix":1},"s":{"a":0,"k":[100,100],"ix":3},"r":{"a":0,"k":0,"ix":6},"o":{"a":0,"k":100,"ix":7},"sk":{"a":0,"k":0,"ix":4},"sa":{"a":0,"k":0,"ix":5},"nm":"Transform"}],"nm":"Group 3","np":2,"cix":2,"bm":0,"ix":3,"mn":"ADBE Vector Group","hd":false}],"ip":216,"op":229,"st":19,"bm":0},{"ddd":0,"ind":8,"ty":4,"nm":"spit","parent":2,"sr":1,"ks":{"o":{"a":0,"k":100,"ix":11},"r":{"a":1,"k":[{"i":{"x":[0.833],"y":[1]},"o":{"x":[0.333],"y":[0]},"t":216,"s":[-35.569]},{"t":228,"s":[50]}],"ix":10},"p":{"a":1,"k":[{"i":{"x":0.833,"y":0.833},"o":{"x":0.167,"y":0.167},"t":216,"s":[97.677,-146.743,0],"to":[0,0,0],"ti":[-12.207,-6.667,0]},{"i":{"x":0.833,"y":0.833},"o":{"x":0.167,"y":0.167},"t":217,"s":[117.709,-116.086,0],"to":[38.303,20.92,0],"ti":[-18.233,-113.797,0]},{"t":228,"s":[255.693,54.672,0]}],"ix":2,"l":2},"a":{"a":0,"k":[389.676,239.226,0],"ix":1,"l":2},"s":{"a":1,"k":[{"i":{"x":[0.667,0.667,0.667],"y":[1,1,1]},"o":{"x":[0.333,0.333,0.333],"y":[0,0,0]},"t":216,"s":[0,0,100]},{"i":{"x":[0.667,0.667,0.667],"y":[1,1,1]},"o":{"x":[0.333,0.333,0.333],"y":[0,0,0]},"t":220,"s":[98.973,101.057,100]},{"i":{"x":[0.667,0.667,0.667],"y":[1,1,1]},"o":{"x":[0.333,0.333,0.333],"y":[0,0,0]},"t":226,"s":[99.534,100.487,100]},{"t":228,"s":[0,0,100]}],"ix":6,"l":2}},"ao":0,"shapes":[{"ty":"gr","it":[{"ind":0,"ty":"sh","ix":1,"ks":{"a":1,"k":[{"i":{"x":0.667,"y":1},"o":{"x":0.333,"y":0},"t":217,"s":[{"i":[[3.66,-2.468],[-12.073,-14.587],[12.533,18.202]],"o":[[-4.102,2.766],[14.295,17.272],[-4.98,-7.233]],"v":[[-5.286,-5.169],[-6.798,18.702],[17.289,0.698]],"c":true}]},{"i":{"x":0.667,"y":1},"o":{"x":0.333,"y":0},"t":221,"s":[{"i":[[3.66,-2.468],[-12.073,-14.587],[12.656,18.117]],"o":[[-4.102,2.766],[14.295,17.272],[-13.124,-18.787]],"v":[[-19.584,-25.484],[-6.798,18.702],[17.289,0.698]],"c":true}]},{"t":226,"s":[{"i":[[3.66,-2.468],[-12.073,-14.587],[12.533,18.202]],"o":[[-4.102,2.766],[14.295,17.272],[-4.98,-7.233]],"v":[[-5.286,-5.169],[-6.798,18.702],[17.289,0.698]],"c":true}]}],"ix":2},"nm":"Path 1","mn":"ADBE Vector Shape - Group","hd":false},{"ty":"st","c":{"a":0,"k":[0.090196080506,0.129411771894,0.176470592618,1],"ix":3},"o":{"a":0,"k":100,"ix":4},"w":{"a":0,"k":10.227,"ix":5},"lc":2,"lj":2,"bm":0,"nm":"Stroke 1","mn":"ADBE Vector Graphic - Stroke","hd":false},{"ty":"tr","p":{"a":0,"k":[410.696,265.084],"ix":2},"a":{"a":0,"k":[0,0],"ix":1},"s":{"a":0,"k":[100,100],"ix":3},"r":{"a":0,"k":0,"ix":6},"o":{"a":0,"k":100,"ix":7},"sk":{"a":0,"k":0,"ix":4},"sa":{"a":0,"k":0,"ix":5},"nm":"Transform"}],"nm":"Group 1","np":2,"cix":2,"bm":0,"ix":1,"mn":"ADBE Vector Group","hd":false},{"ty":"gr","it":[{"ind":0,"ty":"sh","ix":1,"ks":{"a":1,"k":[{"i":{"x":0.667,"y":1},"o":{"x":0.333,"y":0},"t":217,"s":[{"i":[[-4.855,2.996],[-7.274,-6.45],[6.024,12.537]],"o":[[0,0],[10.348,9.175],[-4.721,-9.824]],"v":[[3.171,3.382],[17.699,6.045],[-6.691,20.939]],"c":true}]},{"i":{"x":0.667,"y":1},"o":{"x":0.333,"y":0},"t":221,"s":[{"i":[[-4.855,2.996],[-7.008,-11.923],[6.896,12.079]],"o":[[0,0],[7.008,11.923],[-6.896,-12.079]],"v":[[-11.127,-16.933],[12.784,-0.938],[-8.211,12.16]],"c":true}]},{"t":226,"s":[{"i":[[-4.855,2.996],[-7.274,-6.45],[6.024,12.537]],"o":[[0,0],[10.348,9.175],[-4.721,-9.824]],"v":[[3.171,3.382],[17.699,6.045],[-6.691,20.939]],"c":true}]}],"ix":2},"nm":"Path 1","mn":"ADBE Vector Shape - Group","hd":false},{"ty":"gf","o":{"a":0,"k":100,"ix":10},"r":1,"bm":0,"g":{"p":3,"k":{"a":0,"k":[0,0.267,0.412,0.62,0.661,0.218,0.31,0.445,1,0.169,0.208,0.271,0,1,0.661,0.5,1,0],"ix":9}},"s":{"a":0,"k":[-472.216,2121.711],"ix":5},"e":{"a":0,"k":[-452.654,2152.666],"ix":6},"t":1,"nm":"Gradient Fill 1","mn":"ADBE Vector Graphic - G-Fill","hd":false},{"ty":"tr","p":{"a":0,"k":[405.704,256.338],"ix":2},"a":{"a":0,"k":[0,0],"ix":1},"s":{"a":0,"k":[100,100],"ix":3},"r":{"a":0,"k":0,"ix":6},"o":{"a":0,"k":100,"ix":7},"sk":{"a":0,"k":0,"ix":4},"sa":{"a":0,"k":0,"ix":5},"nm":"Transform"}],"nm":"Group 2","np":2,"cix":2,"bm":0,"ix":2,"mn":"ADBE Vector Group","hd":false},{"ty":"gr","it":[{"ind":0,"ty":"sh","ix":1,"ks":{"a":1,"k":[{"i":{"x":0.667,"y":1},"o":{"x":0.333,"y":0},"t":217,"s":[{"i":[[3.66,-2.468],[-12.073,-14.587],[15.07,16.165]],"o":[[-4.102,2.766],[14.295,17.272],[-8.288,-8.891]],"v":[[-5.286,-5.169],[-6.798,18.702],[17.289,0.698]],"c":true}]},{"i":{"x":0.667,"y":1},"o":{"x":0.333,"y":0},"t":221,"s":[{"i":[[3.66,-2.468],[-12.073,-14.587],[12.656,18.117]],"o":[[-4.102,2.766],[14.295,17.272],[-13.124,-18.787]],"v":[[-19.584,-25.484],[-6.798,18.702],[17.289,0.698]],"c":true}]},{"t":226,"s":[{"i":[[3.66,-2.468],[-12.073,-14.587],[15.07,16.165]],"o":[[-4.102,2.766],[14.295,17.272],[-8.288,-8.891]],"v":[[-5.286,-5.169],[-6.798,18.702],[17.289,0.698]],"c":true}]}],"ix":2},"nm":"Path 1","mn":"ADBE Vector Shape - Group","hd":false},{"ty":"fl","c":{"a":0,"k":[0.168627455831,0.207843139768,0.270588248968,1],"ix":4},"o":{"a":0,"k":100,"ix":5},"r":1,"bm":0,"nm":"Fill 1","mn":"ADBE Vector Graphic - Fill","hd":false},{"ty":"tr","p":{"a":0,"k":[410.696,265.084],"ix":2},"a":{"a":0,"k":[0,0],"ix":1},"s":{"a":0,"k":[100,100],"ix":3},"r":{"a":0,"k":0,"ix":6},"o":{"a":0,"k":100,"ix":7},"sk":{"a":0,"k":0,"ix":4},"sa":{"a":0,"k":0,"ix":5},"nm":"Transform"}],"nm":"Group 3","np":2,"cix":2,"bm":0,"ix":3,"mn":"ADBE Vector Group","hd":false}],"ip":216,"op":227,"st":19,"bm":0},{"ddd":0,"ind":9,"ty":3,"nm":"all_hand","parent":25,"sr":1,"ks":{"o":{"a":0,"k":0,"ix":11},"r":{"a":0,"k":0,"ix":10},"p":{"a":1,"k":[{"i":{"x":0.833,"y":1},"o":{"x":0.333,"y":0},"t":185,"s":[250.293,328.702,0],"to":[0,0,0],"ti":[0,0,0]},{"i":{"x":0.25,"y":1},"o":{"x":0.333,"y":0},"t":193,"s":[250.293,331.702,0],"to":[0,0,0],"ti":[0,0,0]},{"i":{"x":0.667,"y":1},"o":{"x":0.33,"y":0},"t":213,"s":[250.293,298.702,0],"to":[0,0,0],"ti":[0,0,0]},{"i":{"x":0.667,"y":1},"o":{"x":0.333,"y":0},"t":219,"s":[282.793,328.702,0],"to":[0,0,0],"ti":[0,0,0]},{"i":{"x":0.667,"y":1},"o":{"x":0.333,"y":0},"t":229,"s":[282.793,318.702,0],"to":[0,0,0],"ti":[0,0,0]},{"i":{"x":0.667,"y":0.667},"o":{"x":0.333,"y":0.333},"t":240,"s":[282.793,328.702,0],"to":[0,0,0],"ti":[0,0,0]},{"i":{"x":0.833,"y":0.833},"o":{"x":0.333,"y":0},"t":270,"s":[282.793,328.702,0],"to":[0,0,0],"ti":[0,0,0]},{"i":{"x":0.667,"y":1},"o":{"x":0.167,"y":0.167},"t":280,"s":[266.544,335.681,0],"to":[0,0,0],"ti":[0,0,0]},{"t":290,"s":[250.293,328.702,0]}],"ix":2,"l":2},"a":{"a":0,"k":[50,50,0],"ix":1,"l":2},"s":{"a":0,"k":[100,100,100],"ix":6,"l":2}},"ao":0,"ip":0,"op":600,"st":0,"bm":0},{"ddd":0,"ind":10,"ty":4,"nm":"hand_L","parent":9,"sr":1,"ks":{"o":{"a":0,"k":100,"ix":11},"r":{"a":1,"k":[{"i":{"x":[0.667],"y":[1]},"o":{"x":[0.333],"y":[0]},"t":185,"s":[0]},{"i":{"x":[0.25],"y":[1]},"o":{"x":[0.333],"y":[0]},"t":193,"s":[3.455]},{"i":{"x":[0.667],"y":[1]},"o":{"x":[0.33],"y":[0]},"t":213,"s":[-9.36]},{"i":{"x":[0.833],"y":[1]},"o":{"x":[0.333],"y":[0]},"t":219,"s":[3.455]},{"i":{"x":[0.667],"y":[1]},"o":{"x":[0.167],"y":[0]},"t":229,"s":[-9.36]},{"i":{"x":[0.667],"y":[1]},"o":{"x":[0.167],"y":[0]},"t":240,"s":[2]},{"i":{"x":[0.667],"y":[1]},"o":{"x":[0.167],"y":[0]},"t":253,"s":[0]},{"i":{"x":[0.833],"y":[1]},"o":{"x":[0.167],"y":[0]},"t":270,"s":[0]},{"i":{"x":[0.667],"y":[1]},"o":{"x":[0.167],"y":[0]},"t":280,"s":[3.455]},{"t":290,"s":[0]}],"ix":10},"p":{"a":1,"k":[{"i":{"x":0.6,"y":1},"o":{"x":0.44,"y":0},"t":173,"s":[-14.665,52.869,0],"to":[0,0,0],"ti":[0,0,0]},{"i":{"x":0.829,"y":0.829},"o":{"x":0.167,"y":0.167},"t":183,"s":[-21.665,52.869,0],"to":[0,0,0],"ti":[0,0,0]},{"i":{"x":0.6,"y":1},"o":{"x":0.44,"y":0},"t":284,"s":[-21.665,52.869,0],"to":[0,0,0],"ti":[0,0,0]},{"i":{"x":0.6,"y":1},"o":{"x":0.44,"y":0},"t":294,"s":[-28.54,52.869,0],"to":[0,0,0],"ti":[0,0,0]},{"i":{"x":0.6,"y":1},"o":{"x":0.44,"y":0},"t":304,"s":[-14.665,52.869,0],"to":[0,0,0],"ti":[0,0,0]},{"i":{"x":0.6,"y":1},"o":{"x":0.44,"y":0},"t":314,"s":[-28.665,52.869,0],"to":[0,0,0],"ti":[0,0,0]},{"i":{"x":0.6,"y":1},"o":{"x":0.44,"y":0},"t":324,"s":[-14.665,52.869,0],"to":[0,0,0],"ti":[0,0,0]},{"t":334,"s":[-21.665,52.869,0]}],"ix":2,"l":2},"a":{"a":0,"k":[-41.5,11.5,0],"ix":1,"l":2},"s":{"a":0,"k":[100,100,100],"ix":6,"l":2}},"ao":0,"shapes":[{"ty":"gr","it":[{"ind":0,"ty":"sh","ix":1,"ks":{"a":1,"k":[{"i":{"x":0.833,"y":1},"o":{"x":0.333,"y":0},"t":186,"s":[{"i":[[0,0],[-21.76,-4.052],[1.346,-2.186],[14.755,-26.983],[13.798,-0.487]],"o":[[27.903,-28.639],[37.108,6.91],[-1.346,2.186],[-15.601,28.53],[0,0]],"v":[[-57.934,-14.625],[20.791,-39.668],[57.602,-16.415],[17.963,9.393],[-32.914,41.499]],"c":false}]},{"i":{"x":0.25,"y":1},"o":{"x":0.167,"y":0},"t":194,"s":[{"i":[[0,0],[-20.943,-7.165],[1.393,-2.156],[15.33,-26.661],[13.798,-0.487]],"o":[[27.903,-28.639],[33.264,11.38],[-1.393,2.156],[-16.209,28.189],[0,0]],"v":[[-61.063,-14.434],[21.307,-40.202],[57.662,-14.868],[16.925,8.288],[-33.423,37.11]],"c":false}]},{"i":{"x":0.833,"y":1},"o":{"x":0.33,"y":0},"t":214,"s":[{"i":[[0,0],[-21.835,-3.627],[1.346,-2.186],[6.163,-29.724],[43.237,-14.027]],"o":[[20.586,-50.473],[35.235,5.853],[-1.346,2.186],[-5.581,26.918],[0,0]],"v":[[-59.917,14.046],[20.597,-40.167],[57.602,-16.415],[17.963,9.393],[-43.378,70.933]],"c":false}]},{"i":{"x":0.833,"y":1},"o":{"x":0.167,"y":0},"t":220,"s":[{"i":[[0,0],[-20.943,-7.165],[1.393,-2.156],[15.33,-26.661],[13.798,-0.487]],"o":[[27.903,-28.639],[33.264,11.38],[-1.393,2.156],[-16.209,28.189],[0,0]],"v":[[-61.063,-14.434],[21.307,-40.202],[57.662,-14.868],[16.925,8.288],[-33.423,37.11]],"c":false}]},{"i":{"x":0.833,"y":1},"o":{"x":0.333,"y":0},"t":230,"s":[{"i":[[0,0],[-21.76,-4.052],[1.346,-2.185],[6.478,-26.103],[30.63,-8.032]],"o":[[24.924,-31.267],[37.108,6.91],[-1.346,2.186],[-7.832,31.56],[0,0]],"v":[[-54.862,-6.179],[20.791,-39.668],[57.602,-16.415],[23.044,10.19],[-40.276,52.344]],"c":false}]},{"i":{"x":0.833,"y":1},"o":{"x":0.333,"y":0},"t":241,"s":[{"i":[[0,0],[-21.614,-4.77],[1.418,-2.14],[15.64,-26.48],[13.798,-0.487]],"o":[[27.903,-28.639],[36.86,8.134],[-1.418,2.14],[-16.537,27.998],[0,0]],"v":[[-57.934,-14.625],[22.211,-37.929],[58.232,-13.47],[17.76,11.012],[-32.914,41.499]],"c":false}]},{"i":{"x":0.833,"y":1},"o":{"x":0.333,"y":0},"t":254,"s":[{"i":[[0,0],[-21.76,-4.052],[1.346,-2.186],[14.755,-26.983],[13.798,-0.487]],"o":[[27.903,-28.639],[37.108,6.91],[-1.346,2.186],[-15.601,28.53],[0,0]],"v":[[-57.934,-14.625],[20.791,-39.668],[57.602,-16.415],[17.963,9.393],[-32.914,41.499]],"c":false}]},{"i":{"x":0.833,"y":0.833},"o":{"x":0.333,"y":0},"t":271,"s":[{"i":[[0,0],[-21.76,-4.052],[1.346,-2.186],[14.755,-26.983],[13.798,-0.487]],"o":[[27.903,-28.639],[37.108,6.91],[-1.346,2.186],[-15.601,28.53],[0,0]],"v":[[-57.934,-14.625],[20.791,-39.668],[57.602,-16.415],[17.963,9.393],[-32.914,41.499]],"c":false}]},{"i":{"x":0.833,"y":1},"o":{"x":0.167,"y":0.167},"t":281,"s":[{"i":[[0,0],[-21.555,-5.033],[1.444,-2.122],[15.962,-26.287],[13.798,-0.487]],"o":[[27.903,-28.639],[36.758,8.583],[-1.444,2.122],[-16.877,27.794],[0,0]],"v":[[-57.934,-14.625],[22.779,-37.035],[58.499,-12.139],[17.732,11.848],[-32.914,41.499]],"c":false}]},{"t":291,"s":[{"i":[[0,0],[-21.76,-4.052],[1.346,-2.186],[14.755,-26.983],[13.798,-0.487]],"o":[[27.903,-28.639],[37.108,6.91],[-1.346,2.186],[-15.601,28.53],[0,0]],"v":[[-57.934,-14.625],[20.791,-39.668],[57.602,-16.415],[17.963,9.393],[-32.914,41.499]],"c":false}]}],"ix":2},"nm":"Path 1","mn":"ADBE Vector Shape - Group","hd":false},{"ty":"st","c":{"a":0,"k":[0.329411774874,0.662745118141,0.870588243008,1],"ix":3},"o":{"a":0,"k":100,"ix":4},"w":{"a":0,"k":12.577,"ix":5},"lc":2,"lj":2,"bm":0,"nm":"Stroke 1","mn":"ADBE Vector Graphic - Stroke","hd":false},{"ty":"fl","c":{"a":0,"k":[1,1,1,1],"ix":4},"o":{"a":0,"k":100,"ix":5},"r":1,"bm":0,"nm":"Fill 1","mn":"ADBE Vector Graphic - Fill","hd":false},{"ty":"tr","p":{"a":0,"k":[0,0],"ix":2},"a":{"a":0,"k":[0,0],"ix":1},"s":{"a":0,"k":[100,100],"ix":3},"r":{"a":0,"k":0,"ix":6},"o":{"a":0,"k":100,"ix":7},"sk":{"a":0,"k":0,"ix":4},"sa":{"a":0,"k":0,"ix":5},"nm":"Transform"}],"nm":"Group 1","np":3,"cix":2,"bm":0,"ix":1,"mn":"ADBE Vector Group","hd":false}],"ip":0,"op":600,"st":0,"bm":0},{"ddd":0,"ind":11,"ty":4,"nm":"hand_R","parent":9,"sr":1,"ks":{"o":{"a":0,"k":100,"ix":11},"r":{"a":1,"k":[{"i":{"x":[0.667],"y":[1]},"o":{"x":[0.333],"y":[0]},"t":185,"s":[0]},{"i":{"x":[0.25],"y":[1]},"o":{"x":[0.333],"y":[0]},"t":193,"s":[-8.81]},{"i":{"x":[0.667],"y":[1]},"o":{"x":[0.33],"y":[0]},"t":213,"s":[16.517]},{"i":{"x":[0.833],"y":[1]},"o":{"x":[0.333],"y":[0]},"t":219,"s":[-8.81]},{"i":{"x":[0.667],"y":[1]},"o":{"x":[0.167],"y":[0]},"t":229,"s":[16.517]},{"i":{"x":[0.667],"y":[1]},"o":{"x":[0.167],"y":[0]},"t":240,"s":[-3]},{"i":{"x":[0.667],"y":[1]},"o":{"x":[0.167],"y":[0]},"t":253,"s":[0]},{"i":{"x":[0.833],"y":[1]},"o":{"x":[0.167],"y":[0]},"t":270,"s":[0]},{"i":{"x":[0.667],"y":[1]},"o":{"x":[0.167],"y":[0]},"t":280,"s":[-8.81]},{"t":290,"s":[0]}],"ix":10},"p":{"a":1,"k":[{"i":{"x":0.6,"y":1},"o":{"x":0.44,"y":0},"t":173,"s":[128.665,47.131,0],"to":[0,0,0],"ti":[0,0,0]},{"i":{"x":0.829,"y":0.829},"o":{"x":0.167,"y":0.167},"t":183,"s":[121.665,47.131,0],"to":[0,0,0],"ti":[0,0,0]},{"i":{"x":0.6,"y":1},"o":{"x":0.44,"y":0},"t":284,"s":[121.665,47.131,0],"to":[0,0,0],"ti":[0,0,0]},{"i":{"x":0.6,"y":1},"o":{"x":0.44,"y":0},"t":294,"s":[114.79,47.131,0],"to":[0,0,0],"ti":[0,0,0]},{"i":{"x":0.6,"y":1},"o":{"x":0.44,"y":0},"t":304,"s":[128.665,47.131,0],"to":[0,0,0],"ti":[0,0,0]},{"i":{"x":0.6,"y":1},"o":{"x":0.44,"y":0},"t":314,"s":[114.665,47.131,0],"to":[0,0,0],"ti":[0,0,0]},{"i":{"x":0.6,"y":1},"o":{"x":0.44,"y":0},"t":324,"s":[128.665,47.131,0],"to":[0,0,0],"ti":[0,0,0]},{"t":334,"s":[121.665,47.131,0]}],"ix":2,"l":2},"a":{"a":0,"k":[43,2,0],"ix":1,"l":2},"s":{"a":0,"k":[100,100,100],"ix":6,"l":2}},"ao":0,"shapes":[{"ty":"gr","it":[{"ind":0,"ty":"sh","ix":1,"ks":{"a":1,"k":[{"i":{"x":0.667,"y":1},"o":{"x":0.333,"y":0},"t":186,"s":[{"i":[[0,0],[21.818,1.846],[-6.165,-12.957],[-61.691,16.745]],"o":[[-14.314,11.465],[-40.136,-3.396],[6.165,12.957],[0,0]],"v":[[50.811,-37.076],[-1.228,-20.177],[-48.138,12.519],[42.004,29.792]],"c":false}]},{"i":{"x":0.25,"y":1},"o":{"x":0.167,"y":0},"t":194,"s":[{"i":[[0,0],[21.888,0.598],[-6.894,-12.584],[-61.691,16.745]],"o":[[-14.314,11.465],[-40.264,-1.1],[6.894,12.584],[0,0]],"v":[[57.443,-37.366],[-1.933,-17.996],[-46.901,17.323],[38.866,26.419]],"c":false}]},{"i":{"x":0.667,"y":1},"o":{"x":0.33,"y":0},"t":214,"s":[{"i":[[0,0],[17.256,8.959],[1.355,-12.533],[-57.672,13.902]],"o":[[-12.853,6.871],[-31.744,-16.48],[-3.303,30.548],[0,0]],"v":[[48.626,-8.737],[7.382,-10.051],[-40.724,3.053],[56.95,57.088]],"c":false}]},{"i":{"x":0.833,"y":1},"o":{"x":0.167,"y":0},"t":220,"s":[{"i":[[0,0],[21.888,0.598],[-6.894,-12.584],[-61.691,16.745]],"o":[[-14.314,11.465],[-40.264,-1.1],[6.894,12.584],[0,0]],"v":[[57.443,-37.366],[-1.933,-17.996],[-46.901,17.323],[38.866,26.419]],"c":false}]},{"i":{"x":0.833,"y":1},"o":{"x":0.333,"y":0},"t":230,"s":[{"i":[[0,0],[20.047,2.256],[-5.347,-12.09],[-62.721,15.51]],"o":[[-13.475,10.194],[-36.878,-4.15],[5.347,12.091],[0,0]],"v":[[44.015,-29.513],[-4.343,-15.275],[-48.379,13.642],[48.36,36.77]],"c":false}]},{"i":{"x":0.833,"y":1},"o":{"x":0.333,"y":0},"t":241,"s":[{"i":[[0,0],[21.89,0.511],[-6.944,-12.557],[-63.959,22.692]],"o":[[-14.314,11.465],[-40.269,-0.94],[6.944,12.557],[0,0]],"v":[[55.176,-36.848],[-0.741,-15.606],[-46.497,19.07],[40.663,27.407]],"c":false}]},{"i":{"x":0.833,"y":1},"o":{"x":0.333,"y":0},"t":254,"s":[{"i":[[0,0],[21.818,1.846],[-6.165,-12.957],[-61.691,16.745]],"o":[[-14.314,11.465],[-40.136,-3.396],[6.165,12.957],[0,0]],"v":[[50.811,-37.076],[-1.228,-20.177],[-48.138,12.519],[42.004,29.792]],"c":false}]},{"i":{"x":0.833,"y":0.833},"o":{"x":0.333,"y":0},"t":271,"s":[{"i":[[0,0],[21.818,1.846],[-6.165,-12.957],[-61.691,16.745]],"o":[[-14.314,11.465],[-40.136,-3.396],[6.165,12.957],[0,0]],"v":[[50.811,-37.076],[-1.228,-20.177],[-48.138,12.519],[42.004,29.792]],"c":false}]},{"i":{"x":0.833,"y":1},"o":{"x":0.167,"y":0.167},"t":281,"s":[{"i":[[0,0],[21.893,0.4],[-7.007,-12.522],[-61.691,16.745]],"o":[[-14.314,11.465],[-40.273,-0.736],[7.007,12.522],[0,0]],"v":[[50.811,-37.076],[-1.919,-16.36],[-46.566,19.364],[42.004,29.792]],"c":false}]},{"t":291,"s":[{"i":[[0,0],[21.818,1.846],[-6.165,-12.957],[-61.691,16.745]],"o":[[-14.314,11.465],[-40.136,-3.396],[6.165,12.957],[0,0]],"v":[[50.811,-37.076],[-1.228,-20.177],[-48.138,12.519],[42.004,29.792]],"c":false}]}],"ix":2},"nm":"Path 1","mn":"ADBE Vector Shape - Group","hd":false},{"ty":"st","c":{"a":0,"k":[0.329411774874,0.662745118141,0.870588243008,1],"ix":3},"o":{"a":0,"k":100,"ix":4},"w":{"a":0,"k":12.577,"ix":5},"lc":2,"lj":2,"bm":0,"nm":"Stroke 1","mn":"ADBE Vector Graphic - Stroke","hd":false},{"ty":"fl","c":{"a":0,"k":[1,1,1,1],"ix":4},"o":{"a":0,"k":100,"ix":5},"r":1,"bm":0,"nm":"Fill 1","mn":"ADBE Vector Graphic - Fill","hd":false},{"ty":"tr","p":{"a":0,"k":[0,0],"ix":2},"a":{"a":0,"k":[0,0],"ix":1},"s":{"a":0,"k":[100,100],"ix":3},"r":{"a":0,"k":0,"ix":6},"o":{"a":0,"k":100,"ix":7},"sk":{"a":0,"k":0,"ix":4},"sa":{"a":0,"k":0,"ix":5},"nm":"Transform"}],"nm":"Group 1","np":3,"cix":2,"bm":0,"ix":1,"mn":"ADBE Vector Group","hd":false}],"ip":0,"op":600,"st":0,"bm":0},{"ddd":0,"ind":12,"ty":3,"nm":"all_foot","parent":2,"sr":1,"ks":{"o":{"a":0,"k":0,"ix":11},"r":{"a":0,"k":0,"ix":10},"p":{"a":0,"k":[51.435,41.351,0],"ix":2,"l":2},"a":{"a":0,"k":[50,50,0],"ix":1,"l":2},"s":{"a":0,"k":[100,100,100],"ix":6,"l":2}},"ao":0,"ip":0,"op":600,"st":0,"bm":0},{"ddd":0,"ind":13,"ty":4,"nm":"foot_1","parent":12,"sr":1,"ks":{"o":{"a":0,"k":100,"ix":11},"r":{"a":0,"k":0,"ix":10},"p":{"a":0,"k":[59.218,62.505,0],"ix":2,"l":2},"a":{"a":0,"k":[259.993,395.434,0],"ix":1,"l":2},"s":{"a":0,"k":[100,100,100],"ix":6,"l":2}},"ao":0,"shapes":[{"ty":"gr","it":[{"ind":0,"ty":"sh","ix":1,"ks":{"a":1,"k":[{"i":{"x":0.833,"y":1},"o":{"x":0.167,"y":0},"t":184,"s":[{"i":[[15.844,-1.075],[-16.254,-1.939]],"o":[[-17.914,1.215],[16.254,1.939]],"v":[[1.421,-16.376],[-0.669,16.324]],"c":true}]},{"i":{"x":0.25,"y":1},"o":{"x":0.167,"y":0},"t":192,"s":[{"i":[[15.88,0.132],[-16.36,-0.57]],"o":[[-19.365,-0.161],[20.843,0.726]],"v":[[1.421,-12.05],[-0.701,14.797]],"c":true}]},{"i":{"x":0.833,"y":1},"o":{"x":0.33,"y":0},"t":212,"s":[{"i":[[12.067,0.294],[-10.684,-0.361]],"o":[[-15.591,-0.38],[14.228,0.481]],"v":[[1.421,-28.096],[-0.669,16.324]],"c":true}]},{"i":{"x":0.833,"y":1},"o":{"x":0.167,"y":0},"t":218,"s":[{"i":[[18.054,0.123],[-20.414,0.296]],"o":[[-21.085,-0.143],[23.264,-0.338]],"v":[[1.421,-8.92],[-0.669,16.324]],"c":true}]},{"i":{"x":0.833,"y":1},"o":{"x":0.167,"y":0},"t":228,"s":[{"i":[[15.88,-0.094],[-13.056,-0.026]],"o":[[-15.145,0.089],[16.369,0.032]],"v":[[1.421,-16.376],[-0.669,16.324]],"c":true}]},{"i":{"x":0.833,"y":1},"o":{"x":0.167,"y":0},"t":239,"s":[{"i":[[15.844,-1.074],[-16.254,-1.939]],"o":[[-17.914,1.215],[16.254,1.939]],"v":[[1.421,-16.376],[-0.669,16.324]],"c":true}]},{"i":{"x":0.833,"y":1},"o":{"x":0.167,"y":0},"t":252,"s":[{"i":[[15.844,-1.074],[-16.254,-1.939]],"o":[[-17.914,1.215],[16.254,1.939]],"v":[[1.421,-16.376],[-0.669,16.324]],"c":true}]},{"i":{"x":0.833,"y":1},"o":{"x":0.167,"y":0},"t":269,"s":[{"i":[[15.844,-1.074],[-16.254,-1.939]],"o":[[-17.914,1.215],[16.254,1.939]],"v":[[1.421,-16.376],[-0.669,16.324]],"c":true}]},{"i":{"x":0.833,"y":1},"o":{"x":0.167,"y":0},"t":279,"s":[{"i":[[17.523,-0.817],[-20.826,-0.411]],"o":[[-20.74,0.967],[20.569,0.406]],"v":[[1.421,-8.92],[0.767,15.015]],"c":true}]},{"t":289,"s":[{"i":[[15.844,-1.074],[-16.254,-1.939]],"o":[[-17.914,1.215],[16.254,1.939]],"v":[[1.421,-16.376],[-0.669,16.324]],"c":true}]}],"ix":2},"nm":"Path 1","mn":"ADBE Vector Shape - Group","hd":false},{"ty":"fl","c":{"a":0,"k":[1,1,1,1],"ix":4},"o":{"a":0,"k":100,"ix":5},"r":1,"bm":0,"nm":"Fill 1","mn":"ADBE Vector Graphic - Fill","hd":false},{"ty":"tr","p":{"a":0,"k":[247.538,422.076],"ix":2},"a":{"a":0,"k":[0,0],"ix":1},"s":{"a":0,"k":[100,100],"ix":3},"r":{"a":0,"k":0,"ix":6},"o":{"a":0,"k":100,"ix":7},"sk":{"a":0,"k":0,"ix":4},"sa":{"a":0,"k":0,"ix":5},"nm":"Transform"}],"nm":"Group 1","np":2,"cix":2,"bm":0,"ix":1,"mn":"ADBE Vector Group","hd":false},{"ty":"gr","it":[{"ind":0,"ty":"sh","ix":1,"ks":{"a":1,"k":[{"i":{"x":0.833,"y":1},"o":{"x":0.167,"y":0},"t":184,"s":[{"i":[[0,0],[2.115,-12.088],[19.958,0],[2.956,16.893],[-0.709,10.52]],"o":[[0.709,10.52],[-2.956,16.893],[-19.958,0],[-2.115,-12.088],[0,0]],"v":[[33.792,-30.739],[37.517,3.995],[0,30.739],[-37.517,3.995],[-33.792,-30.739]],"c":false}]},{"i":{"x":0.25,"y":1},"o":{"x":0.167,"y":0},"t":192,"s":[{"i":[[0,0],[0.18,-12.27],[19.958,0],[0.976,21.129],[-0.709,10.52]],"o":[[0.709,10.52],[-0.344,23.419],[-19.958,0],[-0.566,-12.259],[0,0]],"v":[[33.792,-26.413],[37.517,3.995],[0,30.739],[-37.517,3.995],[-33.792,-26.413]],"c":false}]},{"i":{"x":0.833,"y":1},"o":{"x":0.33,"y":0},"t":212,"s":[{"i":[[0,0],[1.777,-12.088],[18.196,0.041],[2.483,16.893],[-0.709,10.52]],"o":[[0.709,10.52],[-2.483,16.893],[-18.684,-0.042],[-1.777,-12.088],[0,0]],"v":[[28.414,-40.75],[30.506,3.995],[0,30.739],[-32.53,3.995],[-30.719,-41.97]],"c":false}]},{"i":{"x":0.833,"y":1},"o":{"x":0.167,"y":0},"t":218,"s":[{"i":[[0,0],[-0.018,-7.846],[27.9,-0.415],[-3.226,19.061],[-3.346,9.519]],"o":[[0.709,10.52],[0.053,23.422],[-28.259,0.42],[1.946,-11.498],[0,0]],"v":[[36.912,-20.413],[41.287,7.125],[0,30.739],[-41.484,5.038],[-33.792,-23.283]],"c":false}]},{"i":{"x":0.833,"y":1},"o":{"x":0.167,"y":0},"t":228,"s":[{"i":[[0,0],[1.956,-12.088],[18.578,0.021],[2.734,16.893],[-0.656,10.52]],"o":[[0.656,10.52],[-2.734,16.893],[-17.433,-0.02],[-1.956,-12.088],[0,0]],"v":[[31.183,-30.739],[34.628,3.995],[0,30.739],[-34.769,3.995],[-31.324,-30.739]],"c":false}]},{"i":{"x":0.833,"y":1},"o":{"x":0.167,"y":0},"t":239,"s":[{"i":[[0,0],[2.175,-12.088],[19.958,0],[3.039,16.893],[-0.709,10.52]],"o":[[0.709,10.52],[-3.039,16.893],[-19.958,0],[-2.175,-12.088],[0,0]],"v":[[33.792,-30.739],[38.332,3.995],[0,30.739],[-38.818,3.995],[-33.792,-30.739]],"c":false}]},{"i":{"x":0.833,"y":1},"o":{"x":0.167,"y":0},"t":252,"s":[{"i":[[0,0],[2.115,-12.088],[19.958,0],[2.956,16.893],[-0.709,10.52]],"o":[[0.709,10.52],[-2.956,16.893],[-19.958,0],[-2.115,-12.088],[0,0]],"v":[[33.792,-30.739],[37.517,3.995],[0,30.739],[-37.517,3.995],[-33.792,-30.739]],"c":false}]},{"i":{"x":0.833,"y":1},"o":{"x":0.167,"y":0},"t":269,"s":[{"i":[[0,0],[2.115,-12.088],[19.958,0],[2.956,16.893],[-0.709,10.52]],"o":[[0.709,10.52],[-2.956,16.893],[-19.958,0],[-2.115,-12.088],[0,0]],"v":[[33.792,-30.739],[37.517,3.995],[0,30.739],[-37.517,3.995],[-33.792,-30.739]],"c":false}]},{"i":{"x":0.833,"y":1},"o":{"x":0.167,"y":0},"t":279,"s":[{"i":[[0,0],[-0.018,-7.845],[27.901,-0.415],[-3.225,19.061],[-3.346,9.519]],"o":[[0.709,10.52],[0.053,23.422],[-28.259,0.42],[1.946,-11.498],[0,0]],"v":[[36.912,-20.413],[41.287,7.125],[0,30.739],[-41.484,5.038],[-33.792,-23.283]],"c":false}]},{"t":289,"s":[{"i":[[0,0],[2.115,-12.088],[19.958,0],[2.956,16.893],[-0.709,10.52]],"o":[[0.709,10.52],[-2.956,16.893],[-19.958,0],[-2.115,-12.088],[0,0]],"v":[[33.792,-30.739],[37.517,3.995],[0,30.739],[-37.517,3.995],[-33.792,-30.739]],"c":false}]}],"ix":2},"nm":"Path 1","mn":"ADBE Vector Shape - Group","hd":false},{"ty":"st","c":{"a":0,"k":[0.329411774874,0.662745118141,0.870588243008,1],"ix":3},"o":{"a":0,"k":100,"ix":4},"w":{"a":0,"k":12.577,"ix":5},"lc":2,"lj":2,"bm":0,"nm":"Stroke 1","mn":"ADBE Vector Graphic - Stroke","hd":false},{"ty":"fl","c":{"a":0,"k":[0.905882358551,0.92549020052,0.941176474094,1],"ix":4},"o":{"a":0,"k":100,"ix":5},"r":1,"bm":0,"nm":"Fill 1","mn":"ADBE Vector Graphic - Fill","hd":false},{"ty":"tr","p":{"a":0,"k":[259.993,424.434],"ix":2},"a":{"a":0,"k":[0,0],"ix":1},"s":{"a":0,"k":[100,100],"ix":3},"r":{"a":0,"k":0,"ix":6},"o":{"a":0,"k":100,"ix":7},"sk":{"a":0,"k":0,"ix":4},"sa":{"a":0,"k":0,"ix":5},"nm":"Transform"}],"nm":"Group 2","np":3,"cix":2,"bm":0,"ix":2,"mn":"ADBE Vector Group","hd":false}],"ip":0,"op":600,"st":0,"bm":0},{"ddd":0,"ind":14,"ty":4,"nm":"foot_3","parent":12,"sr":1,"ks":{"o":{"a":0,"k":100,"ix":11},"r":{"a":0,"k":0,"ix":10},"p":{"a":0,"k":[-49.005,44.795,0],"ix":2,"l":2},"a":{"a":0,"k":[343.27,377.723,0],"ix":1,"l":2},"s":{"a":0,"k":[-100,100,100],"ix":6,"l":2}},"ao":0,"shapes":[{"ty":"gr","it":[{"ind":0,"ty":"sh","ix":1,"ks":{"a":1,"k":[{"i":{"x":0.833,"y":1},"o":{"x":0.167,"y":0},"t":184,"s":[{"i":[[-2.275,3.311],[-7.893,-2.254],[5.874,-10.253],[7.263,5.554]],"o":[[3.948,-5.745],[6.355,1.814],[-5.874,10.253],[-7.263,-5.554]],"v":[[-16.584,-9.933],[4.136,-8.011],[16.312,7.263],[-11.564,4.913]],"c":true}]},{"i":{"x":0.25,"y":1},"o":{"x":0.167,"y":0},"t":192,"s":[{"i":[[-2.275,3.311],[-7.893,-2.254],[5.874,-10.253],[7.263,5.554]],"o":[[3.948,-5.745],[6.355,1.814],[-5.874,10.253],[-7.263,-5.554]],"v":[[-14.864,-8.406],[2.416,-5.466],[16.312,7.263],[-11.564,4.913]],"c":true}]},{"i":{"x":0.833,"y":1},"o":{"x":0.33,"y":0},"t":212,"s":[{"i":[[-2.275,3.311],[-7.364,-3.626],[5.552,-6.601],[6.854,6.052]],"o":[[3.948,-5.745],[8.491,4.181],[-7.606,9.044],[-6.854,-6.052]],"v":[[-26.573,-15.061],[-3.062,-7.308],[11.787,9.945],[-17.141,1.224]],"c":true}]},{"i":{"x":0.833,"y":1},"o":{"x":0.167,"y":0},"t":218,"s":[{"i":[[-1.736,2.953],[-6.235,-1.847],[4.456,-9.126],[5.79,4.763]],"o":[[3.012,-5.125],[5.019,1.487],[-4.456,9.126],[-5.79,-4.763]],"v":[[-4.951,-5.018],[8.668,-2.729],[19.779,8.234],[-2.154,6.647]],"c":true}]},{"i":{"x":0.833,"y":1},"o":{"x":0.167,"y":0},"t":228,"s":[{"i":[[-1.984,3.493],[-8.057,-1.571],[4.977,-10.718],[8.314,3.803]],"o":[[3.442,-6.062],[6.486,1.265],[-4.977,10.718],[-10.075,-4.609]],"v":[[-15.728,-4.689],[2.252,-4.058],[15.946,8.416],[-8.686,10.16]],"c":true}]},{"i":{"x":0.833,"y":1},"o":{"x":0.167,"y":0},"t":239,"s":[{"i":[[-2.289,3.035],[-7.447,-2.411],[5.973,-9.44],[6.726,5.496]],"o":[[3.973,-5.266],[5.995,1.941],[-5.973,9.44],[-6.726,-5.496]],"v":[[-13.441,-10.008],[6.252,-7.44],[17.313,7.387],[-9.189,4.155]],"c":true}]},{"i":{"x":0.833,"y":1},"o":{"x":0.167,"y":0},"t":252,"s":[{"i":[[-2.275,3.311],[-7.893,-2.254],[5.874,-10.253],[7.263,5.554]],"o":[[3.948,-5.745],[6.355,1.814],[-5.874,10.253],[-7.263,-5.554]],"v":[[-16.584,-9.933],[4.136,-8.011],[16.312,7.263],[-11.565,4.913]],"c":true}]},{"i":{"x":0.833,"y":1},"o":{"x":0.167,"y":0},"t":269,"s":[{"i":[[-2.275,3.311],[-7.893,-2.254],[5.874,-10.253],[7.263,5.554]],"o":[[3.948,-5.745],[6.355,1.814],[-5.874,10.253],[-7.263,-5.554]],"v":[[-16.584,-9.933],[4.136,-8.011],[16.312,7.263],[-11.565,4.913]],"c":true}]},{"i":{"x":0.833,"y":1},"o":{"x":0.167,"y":0},"t":279,"s":[{"i":[[-1.736,2.953],[-6.42,-1.029],[3.244,-9.623],[6.355,3.977]],"o":[[3.012,-5.125],[5.169,0.828],[-3.244,9.623],[-6.355,-3.977]],"v":[[-4.951,-5.018],[9.79,-3.041],[22.22,6.4],[0.266,7.65]],"c":true}]},{"t":289,"s":[{"i":[[-2.275,3.311],[-7.893,-2.254],[5.874,-10.253],[7.263,5.554]],"o":[[3.948,-5.745],[6.355,1.814],[-5.874,10.253],[-7.263,-5.554]],"v":[[-16.584,-9.933],[4.136,-8.011],[16.312,7.263],[-11.565,4.913]],"c":true}]}],"ix":2},"nm":"Path 1","mn":"ADBE Vector Shape - Group","hd":false},{"ty":"fl","c":{"a":0,"k":[1,1,1,1],"ix":4},"o":{"a":0,"k":100,"ix":5},"r":1,"bm":0,"nm":"Fill 1","mn":"ADBE Vector Graphic - Fill","hd":false},{"ty":"tr","p":{"a":0,"k":[389.676,393.186],"ix":2},"a":{"a":0,"k":[0,0],"ix":1},"s":{"a":0,"k":[100,100],"ix":3},"r":{"a":0,"k":0,"ix":6},"o":{"a":0,"k":100,"ix":7},"sk":{"a":0,"k":0,"ix":4},"sa":{"a":0,"k":0,"ix":5},"nm":"Transform"}],"nm":"Group 1","np":2,"cix":2,"bm":0,"ix":1,"mn":"ADBE Vector Group","hd":false},{"ty":"gr","it":[{"ind":0,"ty":"sh","ix":1,"ks":{"a":1,"k":[{"i":{"x":0.833,"y":1},"o":{"x":0.167,"y":0},"t":184,"s":[{"i":[[0,0],[-11.646,-1.938],[-2.679,-9.55],[18.275,-5.864],[14.667,12.832],[0,0]],"o":[[2.782,8.436],[11.38,1.893],[4.853,17.301],[-17.947,5.758],[-13.46,-11.775],[0,0]],"v":[[2.476,-41.191],[30.066,-22.24],[49.924,-5.994],[22.786,35.992],[-30.924,24.276],[-56.142,-6.302]],"c":false}]},{"i":{"x":0.25,"y":1},"o":{"x":0.167,"y":0},"t":192,"s":[{"i":[[0,0],[-11.646,-1.938],[-2.846,-9.55],[19.987,-3.013],[14.667,12.832],[0,0]],"o":[[2.782,8.436],[11.38,1.893],[5.156,17.301],[-19.698,2.97],[-13.46,-11.775],[0,0]],"v":[[7.176,-37.16],[32.277,-19.696],[52.745,-5.994],[23.909,37.519],[-30.924,24.276],[-52.137,-2.308]],"c":false}]},{"i":{"x":0.833,"y":1},"o":{"x":0.33,"y":0},"t":212,"s":[{"i":[[0,0],[-10.662,-5.069],[-1.971,-6.153],[16.901,-2.015],[13.055,11.435],[0,0]],"o":[[11.35,20.181],[16.094,7.652],[7.027,21.932],[-18.117,2.16],[-13.452,-11.784],[0,0]],"v":[[-13.722,-53.082],[23.919,-23.705],[51.461,-1.111],[21.505,37.701],[-25.289,16.218],[-57.824,-15.93]],"c":false}]},{"i":{"x":0.833,"y":1},"o":{"x":0.167,"y":0},"t":218,"s":[{"i":[[0,0],[-9.595,-1.626],[-0.958,-13.36],[26.292,-0.409],[11.698,7.353],[0,0]],"o":[[7.055,12.783],[6.728,1.14],[1.476,20.583],[-26.134,0.406],[-10.983,-6.903],[0,0]],"v":[[7.76,-40.598],[40.25,-19.667],[61.818,0.194],[23.909,37.519],[-22.323,22.746],[-50.705,-3.244]],"c":false}]},{"i":{"x":0.833,"y":1},"o":{"x":0.167,"y":0},"t":228,"s":[{"i":[[0,0],[-11.769,-0.935],[-3.485,-9.287],[18.51,-5.074],[14.667,12.832],[0,0]],"o":[[3.493,8.168],[11.501,0.914],[6.314,16.823],[-23.353,6.401],[-13.46,-11.775],[0,0]],"v":[[-4.058,-41.311],[25.924,-20.78],[48.641,-5.804],[22.786,36.965],[-35.297,20.871],[-58.111,-4.683]],"c":false}]},{"i":{"x":0.833,"y":1},"o":{"x":0.167,"y":0},"t":239,"s":[{"i":[[0,0],[-11.038,-2.251],[-2.21,-9.091],[18.275,-5.864],[14.667,12.832],[0,0]],"o":[[2.348,8.046],[10.786,2.199],[4.003,16.469],[-17.947,5.758],[-13.46,-11.775],[0,0]],"v":[[6.77,-39.723],[32.4,-20.869],[50.753,-4.845],[22.786,35.992],[-30.924,24.276],[-53.892,-5.552]],"c":false}]},{"i":{"x":0.833,"y":1},"o":{"x":0.167,"y":0},"t":252,"s":[{"i":[[0,0],[-11.646,-1.938],[-2.679,-9.55],[18.275,-5.864],[14.667,12.832],[0,0]],"o":[[2.782,8.436],[11.38,1.893],[4.853,17.301],[-17.947,5.758],[-13.46,-11.775],[0,0]],"v":[[2.476,-41.191],[30.066,-22.24],[49.924,-5.994],[22.786,35.992],[-30.924,24.276],[-56.142,-6.302]],"c":false}]},{"i":{"x":0.833,"y":1},"o":{"x":0.167,"y":0},"t":269,"s":[{"i":[[0,0],[-11.646,-1.938],[-2.679,-9.55],[18.275,-5.864],[14.667,12.832],[0,0]],"o":[[2.782,8.436],[11.38,1.893],[4.853,17.301],[-17.947,5.758],[-13.46,-11.775],[0,0]],"v":[[2.476,-41.191],[30.066,-22.24],[49.924,-5.994],[22.786,35.992],[-30.924,24.276],[-56.142,-6.302]],"c":false}]},{"i":{"x":0.833,"y":0.833},"o":{"x":0.167,"y":0},"t":279,"s":[{"i":[[0,0],[-4.638,-0.37],[-1.297,-13.331],[26.292,-0.376],[9.261,5.524],[0,0]],"o":[[6.48,7.299],[8.96,0.715],[1.524,15.668],[-21.725,0.311],[-10.609,-6.327],[0,0]],"v":[[14.625,-30.573],[37.867,-18.1],[58.458,0.125],[23.909,37.519],[-23.857,26.127],[-47.231,6.197]],"c":false}]},{"i":{"x":0.833,"y":1},"o":{"x":0.167,"y":0.167},"t":285,"s":[{"i":[[0,0],[-8.98,-1.341],[-2.153,-10.989],[21.325,-3.776],[12.611,10.052],[0,0]],"o":[[4.189,8.004],[10.46,1.445],[3.586,16.68],[-19.384,3.686],[-12.375,-9.703],[0,0]],"v":[[2.753,-41.067],[33.033,-20.665],[53.171,-3.666],[23.213,36.573],[-28.236,24.98],[-52.753,-1.547]],"c":false}]},{"t":289,"s":[{"i":[[0,0],[-11.646,-1.938],[-2.679,-9.55],[18.275,-5.864],[14.667,12.832],[0,0]],"o":[[2.782,8.436],[11.38,1.893],[4.853,17.301],[-17.947,5.758],[-13.46,-11.775],[0,0]],"v":[[2.476,-41.191],[30.066,-22.24],[49.924,-5.994],[22.786,35.992],[-30.924,24.276],[-56.142,-6.302]],"c":false}]}],"ix":2},"nm":"Path 1","mn":"ADBE Vector Shape - Group","hd":false},{"ty":"st","c":{"a":0,"k":[0.329411774874,0.662745118141,0.870588243008,1],"ix":3},"o":{"a":0,"k":100,"ix":4},"w":{"a":0,"k":12.577,"ix":5},"lc":2,"lj":2,"bm":0,"nm":"Stroke 1","mn":"ADBE Vector Graphic - Stroke","hd":false},{"ty":"fl","c":{"a":0,"k":[0.905882358551,0.92549020052,0.941176474094,1],"ix":4},"o":{"a":0,"k":100,"ix":5},"r":1,"bm":0,"nm":"Fill 1","mn":"ADBE Vector Graphic - Fill","hd":false},{"ty":"tr","p":{"a":0,"k":[367.77,396.223],"ix":2},"a":{"a":0,"k":[0,0],"ix":1},"s":{"a":0,"k":[100,100],"ix":3},"r":{"a":0,"k":0,"ix":6},"o":{"a":0,"k":100,"ix":7},"sk":{"a":0,"k":0,"ix":4},"sa":{"a":0,"k":0,"ix":5},"nm":"Transform"}],"nm":"Group 2","np":3,"cix":2,"bm":0,"ix":2,"mn":"ADBE Vector Group","hd":false}],"ip":0,"op":600,"st":0,"bm":0},{"ddd":0,"ind":15,"ty":4,"nm":"foot_2","parent":12,"sr":1,"ks":{"o":{"a":0,"k":100,"ix":11},"r":{"a":0,"k":0,"ix":10},"p":{"a":0,"k":[142.495,44.795,0],"ix":2,"l":2},"a":{"a":0,"k":[343.27,377.723,0],"ix":1,"l":2},"s":{"a":0,"k":[100,100,100],"ix":6,"l":2}},"ao":0,"shapes":[{"ty":"gr","it":[{"ind":0,"ty":"sh","ix":1,"ks":{"a":1,"k":[{"i":{"x":0.833,"y":1},"o":{"x":0.167,"y":0},"t":184,"s":[{"i":[[-2.275,3.311],[-7.893,-2.254],[5.874,-10.253],[7.263,5.554]],"o":[[3.948,-5.745],[6.355,1.814],[-5.874,10.253],[-7.263,-5.554]],"v":[[-16.584,-9.933],[4.136,-8.011],[16.312,7.263],[-11.564,4.913]],"c":true}]},{"i":{"x":0.25,"y":1},"o":{"x":0.167,"y":0},"t":192,"s":[{"i":[[-2.275,3.311],[-7.893,-2.254],[5.874,-10.253],[7.263,5.554]],"o":[[3.948,-5.745],[6.355,1.814],[-5.874,10.253],[-7.263,-5.554]],"v":[[-14.864,-8.406],[2.416,-5.466],[16.312,7.263],[-11.564,4.913]],"c":true}]},{"i":{"x":0.833,"y":1},"o":{"x":0.33,"y":0},"t":212,"s":[{"i":[[-2.275,3.311],[-7.364,-3.626],[5.552,-6.601],[6.854,6.052]],"o":[[3.948,-5.745],[8.491,4.181],[-7.606,9.044],[-6.854,-6.052]],"v":[[-26.573,-15.061],[-3.062,-7.308],[11.787,9.945],[-17.141,1.224]],"c":true}]},{"i":{"x":0.833,"y":1},"o":{"x":0.167,"y":0},"t":218,"s":[{"i":[[-1.736,2.953],[-6.235,-1.847],[4.456,-9.126],[5.79,4.763]],"o":[[3.012,-5.125],[5.019,1.487],[-4.456,9.126],[-5.79,-4.763]],"v":[[-4.951,-5.018],[8.668,-2.729],[19.779,8.234],[-2.154,6.647]],"c":true}]},{"i":{"x":0.833,"y":1},"o":{"x":0.167,"y":0},"t":228,"s":[{"i":[[-1.984,3.493],[-8.057,-1.571],[4.977,-10.718],[8.314,3.803]],"o":[[3.442,-6.062],[6.486,1.265],[-4.977,10.718],[-10.075,-4.609]],"v":[[-15.728,-4.689],[2.252,-4.058],[15.946,8.416],[-8.686,10.16]],"c":true}]},{"i":{"x":0.833,"y":1},"o":{"x":0.167,"y":0},"t":239,"s":[{"i":[[-2.19,3.187],[-7.598,-2.169],[5.655,-9.87],[6.991,5.346]],"o":[[3.8,-5.531],[6.117,1.747],[-5.655,9.87],[-6.991,-5.346]],"v":[[-14.736,-8.907],[5.21,-7.056],[16.931,7.646],[-9.904,5.384]],"c":true}]},{"i":{"x":0.833,"y":1},"o":{"x":0.167,"y":0},"t":252,"s":[{"i":[[-2.275,3.311],[-7.893,-2.254],[5.874,-10.253],[7.263,5.554]],"o":[[3.948,-5.745],[6.355,1.814],[-5.874,10.253],[-7.263,-5.554]],"v":[[-16.584,-9.933],[4.136,-8.011],[16.312,7.263],[-11.565,4.913]],"c":true}]},{"i":{"x":0.833,"y":1},"o":{"x":0.167,"y":0},"t":269,"s":[{"i":[[-2.275,3.311],[-7.893,-2.254],[5.874,-10.253],[7.263,5.554]],"o":[[3.948,-5.745],[6.355,1.814],[-5.874,10.253],[-7.263,-5.554]],"v":[[-16.584,-9.933],[4.136,-8.011],[16.312,7.263],[-11.565,4.913]],"c":true}]},{"i":{"x":0.833,"y":1},"o":{"x":0.167,"y":0},"t":279,"s":[{"i":[[-1.736,2.953],[-6.42,-1.029],[3.244,-9.623],[6.355,3.977]],"o":[[3.012,-5.125],[5.169,0.828],[-3.244,9.623],[-6.355,-3.977]],"v":[[-4.951,-5.018],[9.79,-3.041],[22.22,6.4],[0.266,7.65]],"c":true}]},{"t":289,"s":[{"i":[[-2.275,3.311],[-7.893,-2.254],[5.874,-10.253],[7.263,5.554]],"o":[[3.948,-5.745],[6.355,1.814],[-5.874,10.253],[-7.263,-5.554]],"v":[[-16.584,-9.933],[4.136,-8.011],[16.312,7.263],[-11.565,4.913]],"c":true}]}],"ix":2},"nm":"Path 1","mn":"ADBE Vector Shape - Group","hd":false},{"ty":"fl","c":{"a":0,"k":[1,1,1,1],"ix":4},"o":{"a":0,"k":100,"ix":5},"r":1,"bm":0,"nm":"Fill 1","mn":"ADBE Vector Graphic - Fill","hd":false},{"ty":"tr","p":{"a":0,"k":[389.676,393.186],"ix":2},"a":{"a":0,"k":[0,0],"ix":1},"s":{"a":0,"k":[100,100],"ix":3},"r":{"a":0,"k":0,"ix":6},"o":{"a":0,"k":100,"ix":7},"sk":{"a":0,"k":0,"ix":4},"sa":{"a":0,"k":0,"ix":5},"nm":"Transform"}],"nm":"Group 1","np":2,"cix":2,"bm":0,"ix":1,"mn":"ADBE Vector Group","hd":false},{"ty":"gr","it":[{"ind":0,"ty":"sh","ix":1,"ks":{"a":1,"k":[{"i":{"x":0.833,"y":1},"o":{"x":0.167,"y":0},"t":184,"s":[{"i":[[0,0],[-11.646,-1.938],[-2.679,-9.55],[18.275,-5.864],[14.667,12.832],[0,0]],"o":[[2.782,8.436],[11.38,1.893],[4.853,17.301],[-17.947,5.758],[-13.46,-11.775],[0,0]],"v":[[4.719,-38.432],[30.066,-22.24],[49.924,-5.994],[22.786,35.992],[-30.924,24.276],[-50.909,-1.036]],"c":false}]},{"i":{"x":0.25,"y":1},"o":{"x":0.167,"y":0},"t":192,"s":[{"i":[[0,0],[-11.646,-1.938],[-2.846,-9.55],[19.987,-3.013],[14.667,12.832],[0,0]],"o":[[2.782,8.436],[11.38,1.893],[5.156,17.301],[-19.698,2.97],[-13.46,-11.775],[0,0]],"v":[[11.599,-30.545],[32.277,-19.696],[52.745,-5.994],[23.909,37.519],[-30.924,24.276],[-46.24,4.308]],"c":false}]},{"i":{"x":0.833,"y":1},"o":{"x":0.33,"y":0},"t":212,"s":[{"i":[[0,0],[-10.662,-5.069],[-1.971,-6.153],[16.901,-2.015],[13.055,11.435],[0,0]],"o":[[12.756,18.228],[16.094,7.652],[7.027,21.932],[-18.117,2.16],[-13.452,-11.783],[0,0]],"v":[[-14.49,-55.768],[23.919,-23.705],[51.461,-1.111],[21.505,37.701],[-25.289,16.218],[-57.824,-15.93]],"c":false}]},{"i":{"x":0.833,"y":1},"o":{"x":0.167,"y":0},"t":218,"s":[{"i":[[0,0],[-4.448,-1.365],[-1.297,-13.331],[26.292,-0.376],[9.261,5.524],[0,0]],"o":[[8.602,2.87],[6.524,2.002],[1.524,15.667],[-21.725,0.311],[-10.609,-6.327],[0,0]],"v":[[23.12,-24.684],[43.609,-18.624],[58.458,0.125],[23.909,37.519],[-23.379,30.315],[-42.924,12.216]],"c":false}]},{"i":{"x":0.833,"y":1},"o":{"x":0.167,"y":0},"t":228,"s":[{"i":[[0,0],[-11.769,-0.935],[-3.485,-9.287],[18.275,-5.864],[14.667,12.832],[0,0]],"o":[[3.493,8.168],[11.501,0.914],[6.314,16.823],[-17.947,5.758],[-13.46,-11.775],[0,0]],"v":[[-4.058,-41.798],[27.467,-20.293],[48.641,-5.804],[22.786,35.992],[-30.924,24.276],[-56.053,-3.467]],"c":false}]},{"i":{"x":0.833,"y":1},"o":{"x":0.167,"y":0},"t":239,"s":[{"i":[[0,0],[-11.211,-1.865],[-2.579,-9.193],[23.194,-6.465],[16.904,14.001],[0,0]],"o":[[2.678,8.121],[10.955,1.823],[4.671,16.655],[-18.156,5.061],[-13.773,-11.408],[0,0]],"v":[[6.59,-36.455],[30.989,-20.868],[50.105,-5.229],[22.786,35.992],[-29.674,23.776],[-49.659,-1.536]],"c":false}]},{"i":{"x":0.833,"y":1},"o":{"x":0.167,"y":0},"t":252,"s":[{"i":[[0,0],[-11.646,-1.938],[-2.679,-9.55],[18.275,-5.864],[14.667,12.832],[0,0]],"o":[[2.782,8.436],[11.38,1.893],[4.853,17.301],[-17.947,5.758],[-13.46,-11.775],[0,0]],"v":[[4.719,-38.432],[30.066,-22.24],[49.924,-5.994],[22.786,35.992],[-30.924,24.276],[-50.909,-1.036]],"c":false}]},{"i":{"x":0.833,"y":1},"o":{"x":0.167,"y":0},"t":269,"s":[{"i":[[0,0],[-11.646,-1.938],[-2.679,-9.55],[18.275,-5.864],[14.667,12.832],[0,0]],"o":[[2.782,8.436],[11.38,1.893],[4.853,17.301],[-17.947,5.758],[-13.46,-11.775],[0,0]],"v":[[4.719,-38.432],[30.066,-22.24],[49.924,-5.994],[22.786,35.992],[-30.924,24.276],[-50.909,-1.036]],"c":false}]},{"i":{"x":0.833,"y":0.833},"o":{"x":0.167,"y":0},"t":279,"s":[{"i":[[0,0],[-4.638,-0.37],[-1.297,-13.331],[26.292,-0.376],[9.261,5.524],[0,0]],"o":[[8.602,2.87],[8.96,0.715],[1.524,15.668],[-21.725,0.311],[-10.609,-6.327],[0,0]],"v":[[15.224,-24.946],[37.867,-18.1],[58.458,0.125],[23.909,37.519],[-23.857,26.127],[-43.403,8.029]],"c":false}]},{"i":{"x":0.833,"y":1},"o":{"x":0.167,"y":0.167},"t":285,"s":[{"i":[[0,0],[-8.98,-1.341],[-2.153,-10.989],[21.325,-3.776],[12.611,10.052],[0,0]],"o":[[4.996,6.319],[10.46,1.445],[3.586,16.68],[-19.384,3.686],[-12.375,-9.703],[0,0]],"v":[[2.53,-38.137],[33.033,-20.665],[53.171,-3.666],[23.213,36.573],[-28.236,24.98],[-48.053,2.413]],"c":false}]},{"i":{"x":0.833,"y":1},"o":{"x":0.167,"y":0},"t":289,"s":[{"i":[[0,0],[-11.646,-1.938],[-2.679,-9.55],[18.275,-5.864],[14.667,12.832],[0,0]],"o":[[2.782,8.436],[11.38,1.893],[4.853,17.301],[-17.947,5.758],[-13.46,-11.775],[0,0]],"v":[[3.321,-39.328],[30.066,-22.24],[49.924,-5.994],[22.786,35.992],[-30.924,24.276],[-50.909,-1.036]],"c":false}]},{"i":{"x":0.833,"y":1},"o":{"x":0.167,"y":0},"t":295,"s":[{"i":[[0,0],[-11.646,-1.938],[-2.679,-9.55],[18.275,-5.864],[14.667,12.832],[0,0]],"o":[[2.782,8.436],[11.38,1.893],[4.853,17.301],[-17.947,5.758],[-13.46,-11.775],[0,0]],"v":[[2.652,-40.255],[30.066,-22.24],[49.924,-5.994],[22.786,35.992],[-30.924,24.276],[-50.909,-1.036]],"c":false}]},{"i":{"x":0.833,"y":1},"o":{"x":0.167,"y":0},"t":309,"s":[{"i":[[0,0],[-11.646,-1.938],[-2.679,-9.55],[18.275,-5.864],[14.667,12.832],[0,0]],"o":[[2.782,8.436],[11.38,1.893],[4.853,17.301],[-17.947,5.758],[-13.46,-11.775],[0,0]],"v":[[5.379,-37.982],[30.066,-22.24],[49.924,-5.994],[22.786,35.992],[-30.924,24.276],[-50.909,-1.036]],"c":false}]},{"i":{"x":0.833,"y":1},"o":{"x":0.167,"y":0},"t":319,"s":[{"i":[[0,0],[-11.646,-1.938],[-2.679,-9.55],[18.275,-5.864],[14.667,12.832],[0,0]],"o":[[2.782,8.436],[11.38,1.893],[4.853,17.301],[-17.947,5.758],[-13.46,-11.775],[0,0]],"v":[[3.106,-41.846],[30.066,-22.24],[49.924,-5.994],[22.786,35.992],[-30.924,24.276],[-50.909,-1.036]],"c":false}]},{"t":331,"s":[{"i":[[0,0],[-11.646,-1.938],[-2.679,-9.55],[18.275,-5.864],[14.667,12.832],[0,0]],"o":[[2.782,8.436],[11.38,1.893],[4.853,17.301],[-17.947,5.758],[-13.46,-11.775],[0,0]],"v":[[4.719,-38.432],[30.066,-22.24],[49.924,-5.994],[22.786,35.992],[-30.924,24.276],[-50.909,-1.036]],"c":false}]}],"ix":2},"nm":"Path 1","mn":"ADBE Vector Shape - Group","hd":false},{"ty":"st","c":{"a":0,"k":[0.329411774874,0.662745118141,0.870588243008,1],"ix":3},"o":{"a":0,"k":100,"ix":4},"w":{"a":0,"k":12.577,"ix":5},"lc":2,"lj":2,"bm":0,"nm":"Stroke 1","mn":"ADBE Vector Graphic - Stroke","hd":false},{"ty":"fl","c":{"a":0,"k":[0.905882358551,0.92549020052,0.941176474094,1],"ix":4},"o":{"a":0,"k":100,"ix":5},"r":1,"bm":0,"nm":"Fill 1","mn":"ADBE Vector Graphic - Fill","hd":false},{"ty":"tr","p":{"a":0,"k":[367.77,396.223],"ix":2},"a":{"a":0,"k":[0,0],"ix":1},"s":{"a":0,"k":[100,100],"ix":3},"r":{"a":0,"k":0,"ix":6},"o":{"a":0,"k":100,"ix":7},"sk":{"a":0,"k":0,"ix":4},"sa":{"a":0,"k":0,"ix":5},"nm":"Transform"}],"nm":"Group 2","np":3,"cix":2,"bm":0,"ix":2,"mn":"ADBE Vector Group","hd":false}],"ip":0,"op":600,"st":0,"bm":0},{"ddd":0,"ind":16,"ty":4,"nm":"foot_4","parent":12,"sr":1,"ks":{"o":{"a":0,"k":100,"ix":11},"r":{"a":0,"k":0,"ix":10},"p":{"a":0,"k":[4.673,62.065,0],"ix":2,"l":2},"a":{"a":0,"k":[10.5,-25,0],"ix":1,"l":2},"s":{"a":0,"k":[100,100,100],"ix":6,"l":2}},"ao":0,"shapes":[{"ty":"gr","it":[{"ind":0,"ty":"sh","ix":1,"ks":{"a":1,"k":[{"i":{"x":0.833,"y":1},"o":{"x":0.167,"y":0},"t":184,"s":[{"i":[[0,0],[2.785,-11.456],[-30.047,0],[-8.589,12.142],[0,0]],"o":[[-11.923,16.889],[-3.8,15.631],[21.6,0],[8.413,-11.894],[0,0]],"v":[[-27.16,-29.138],[-47.519,-6.032],[-13.61,29.138],[37.586,3.93],[48.42,-13.058]],"c":false}]},{"i":{"x":0.25,"y":1},"o":{"x":0.167,"y":0},"t":192,"s":[{"i":[[0,0],[2.785,-11.456],[-33.306,-0.95],[-8.589,12.142],[0,0]],"o":[[-11.923,16.889],[-3.8,15.631],[32.777,0.935],[8.413,-11.894],[0,0]],"v":[[-31.338,-23.54],[-48.256,-3.742],[-13.61,29.138],[37.586,3.93],[48.42,-13.058]],"c":false}]},{"i":{"x":0.833,"y":0.833},"o":{"x":0.33,"y":0},"t":212,"s":[{"i":[[0,0],[4.751,-12.305],[-23.267,-0.105],[-8.589,12.142],[0,0]],"o":[[-12.022,21.301],[-5.795,15.007],[23.098,0.105],[8.413,-11.894],[0,0]],"v":[[-14.099,-36.951],[-44.446,-5.055],[-13.61,29.138],[34.513,-1.686],[45.346,-18.674]],"c":false}]},{"i":{"x":0.833,"y":1},"o":{"x":0.167,"y":0.167},"t":214,"s":[{"i":[[0,0],[4.517,-12.318],[-25.8,-0.164],[-8.589,12.142],[0,0]],"o":[[-11.498,20.261],[-5.531,15.097],[26.246,0.17],[8.413,-11.894],[0,0]],"v":[[-14.956,-34.519],[-46.126,-4.251],[-13.61,29.138],[34.502,-0.109],[45.336,-17.097]],"c":false}]},{"i":{"x":0.833,"y":1},"o":{"x":0.167,"y":0},"t":218,"s":[{"i":[[0,0],[3.683,-12.364],[-34.803,-0.374],[-8.589,12.142],[0,0]],"o":[[-9.636,16.565],[-4.592,15.417],[37.434,0.402],[8.413,-11.894],[0,0]],"v":[[-31.338,-23.54],[-52.096,-1.394],[-13.61,29.138],[34.466,5.495],[45.3,-11.493]],"c":false}]},{"i":{"x":0.833,"y":1},"o":{"x":0.167,"y":0},"t":228,"s":[{"i":[[0,0],[3.816,-12.55],[-24.177,-0.544],[-8.589,12.142],[0,0]],"o":[[-11.923,16.889],[-4.68,15.391],[18.78,0.423],[8.413,-11.894],[0,0]],"v":[[-22.53,-27.679],[-41.089,-3.357],[-13.61,29.138],[36.814,1.984],[47.648,-15.003]],"c":false}]},{"i":{"x":0.833,"y":1},"o":{"x":0.167,"y":0},"t":239,"s":[{"i":[[0,0],[2.785,-11.456],[-30.838,-1.381],[-8.589,12.142],[0,0]],"o":[[-11.923,16.889],[-3.8,15.631],[25.438,1.139],[8.413,-11.894],[0,0]],"v":[[-27.16,-29.138],[-47.519,-6.032],[-13.61,29.138],[37.586,3.93],[48.42,-13.058]],"c":false}]},{"i":{"x":0.833,"y":1},"o":{"x":0.167,"y":0},"t":252,"s":[{"i":[[0,0],[2.785,-11.456],[-30.047,0],[-8.589,12.142],[0,0]],"o":[[-11.923,16.889],[-3.8,15.631],[21.6,0],[8.413,-11.894],[0,0]],"v":[[-27.16,-29.138],[-47.519,-6.032],[-13.61,29.138],[37.586,3.93],[48.42,-13.058]],"c":false}]},{"i":{"x":0.833,"y":1},"o":{"x":0.167,"y":0},"t":269,"s":[{"i":[[0,0],[2.785,-11.456],[-30.047,0],[-8.589,12.142],[0,0]],"o":[[-11.923,16.889],[-3.8,15.631],[21.6,0],[8.413,-11.894],[0,0]],"v":[[-27.16,-29.138],[-47.519,-6.032],[-13.61,29.138],[37.586,3.93],[48.42,-13.058]],"c":false}]},{"i":{"x":0.833,"y":1},"o":{"x":0.167,"y":0},"t":279,"s":[{"i":[[0,0],[3.683,-12.364],[-34.803,-0.374],[-8.589,12.142],[0,0]],"o":[[-9.636,16.565],[-4.592,15.417],[37.434,0.402],[8.413,-11.894],[0,0]],"v":[[-34.448,-16.735],[-53.532,3.055],[-13.61,29.138],[33.27,6.28],[44.103,-10.707]],"c":false}]},{"t":289,"s":[{"i":[[0,0],[2.785,-11.456],[-30.047,0],[-8.589,12.142],[0,0]],"o":[[-11.923,16.889],[-3.8,15.631],[21.6,0],[8.413,-11.894],[0,0]],"v":[[-27.16,-29.138],[-47.519,-6.032],[-13.61,29.138],[37.586,3.93],[48.42,-13.058]],"c":false}]}],"ix":2},"nm":"Path 1","mn":"ADBE Vector Shape - Group","hd":false},{"ty":"st","c":{"a":0,"k":[0.329411774874,0.662745118141,0.870588243008,1],"ix":3},"o":{"a":0,"k":100,"ix":4},"w":{"a":0,"k":12.577,"ix":5},"lc":2,"lj":2,"bm":0,"nm":"Stroke 1","mn":"ADBE Vector Graphic - Stroke","hd":false},{"ty":"fl","c":{"a":0,"k":[0.905882358551,0.92549020052,0.941176474094,1],"ix":4},"o":{"a":0,"k":100,"ix":5},"r":1,"bm":0,"nm":"Fill 1","mn":"ADBE Vector Graphic - Fill","hd":false},{"ty":"tr","p":{"a":0,"k":[0,0],"ix":2},"a":{"a":0,"k":[0,0],"ix":1},"s":{"a":0,"k":[100,100],"ix":3},"r":{"a":0,"k":0,"ix":6},"o":{"a":0,"k":100,"ix":7},"sk":{"a":0,"k":0,"ix":4},"sa":{"a":0,"k":0,"ix":5},"nm":"Transform"}],"nm":"Group 1","np":3,"cix":2,"bm":0,"ix":1,"mn":"ADBE Vector Group","hd":false}],"ip":0,"op":600,"st":0,"bm":0},{"ddd":0,"ind":17,"ty":4,"nm":"foot_6","parent":12,"sr":1,"ks":{"o":{"a":0,"k":100,"ix":11},"r":{"a":0,"k":0,"ix":10},"p":{"a":0,"k":[99.923,62.434,0],"ix":2,"l":2},"a":{"a":0,"k":[10.5,-25,0],"ix":1,"l":2},"s":{"a":0,"k":[-100,100,100],"ix":6,"l":2}},"ao":0,"shapes":[{"ty":"gr","it":[{"ind":0,"ty":"sh","ix":1,"ks":{"a":1,"k":[{"i":{"x":0.667,"y":1},"o":{"x":0.333,"y":0},"t":184,"s":[{"i":[[0,0],[2.785,-11.456],[-30.047,0],[-8.589,12.142],[0,0]],"o":[[-11.923,16.889],[-3.8,15.631],[21.6,0],[8.413,-11.894],[0,0]],"v":[[-27.16,-29.138],[-47.519,-6.032],[-13.61,29.138],[37.586,3.93],[48.42,-13.058]],"c":false}]},{"i":{"x":0.25,"y":1},"o":{"x":0.333,"y":0},"t":192,"s":[{"i":[[0,0],[2.785,-11.456],[-33.306,-0.95],[-8.589,12.142],[0,0]],"o":[[-11.923,16.889],[-3.8,15.631],[32.777,0.935],[8.413,-11.894],[0,0]],"v":[[-31.338,-23.54],[-48.256,-3.742],[-13.61,29.138],[37.586,3.93],[48.42,-13.058]],"c":false}]},{"i":{"x":0.667,"y":1},"o":{"x":0.33,"y":0},"t":212,"s":[{"i":[[0,0],[4.751,-12.305],[-23.267,-0.105],[-8.589,12.142],[0,0]],"o":[[-20.506,13.241],[-5.795,15.007],[23.098,0.105],[8.413,-11.894],[0,0]],"v":[[-1.677,-38.172],[-44.446,-5.055],[-13.61,29.138],[34.513,-1.686],[48.164,-23.313]],"c":false}]},{"i":{"x":0.667,"y":1},"o":{"x":0.333,"y":0},"t":218,"s":[{"i":[[0,0],[2.975,-9.986],[-34.803,-0.374],[-8.589,12.142],[0,0]],"o":[[-7.782,13.378],[-3.709,12.451],[37.434,0.402],[8.413,-11.894],[0,0]],"v":[[-36.214,-16.314],[-52.98,1.572],[-13.61,29.138],[32.066,7.843],[42.9,-9.145]],"c":false}]},{"i":{"x":0.667,"y":1},"o":{"x":0.333,"y":0},"t":228,"s":[{"i":[[0,0],[3.816,-12.55],[-24.177,-0.544],[-8.589,12.142],[0,0]],"o":[[-11.923,16.889],[-4.68,15.391],[18.78,0.423],[8.413,-11.894],[0,0]],"v":[[-22.53,-27.679],[-41.089,-3.357],[-13.61,29.138],[36.814,1.984],[47.648,-15.003]],"c":false}]},{"i":{"x":0.667,"y":1},"o":{"x":0.333,"y":0},"t":239,"s":[{"i":[[0,0],[2.785,-11.456],[-30.838,-1.381],[-8.589,12.142],[0,0]],"o":[[-11.923,16.889],[-3.8,15.631],[25.438,1.139],[8.413,-11.894],[0,0]],"v":[[-27.16,-29.138],[-47.519,-6.032],[-13.61,29.138],[37.586,3.93],[48.42,-13.058]],"c":false}]},{"i":{"x":0.667,"y":1},"o":{"x":0.333,"y":0},"t":252,"s":[{"i":[[0,0],[2.785,-11.456],[-30.047,0],[-8.589,12.142],[0,0]],"o":[[-11.923,16.889],[-3.8,15.631],[21.6,0],[8.413,-11.894],[0,0]],"v":[[-27.16,-29.138],[-47.519,-6.032],[-13.61,29.138],[37.586,3.93],[48.42,-13.058]],"c":false}]},{"i":{"x":0.667,"y":1},"o":{"x":0.333,"y":0},"t":269,"s":[{"i":[[0,0],[2.785,-11.456],[-30.047,0],[-8.589,12.142],[0,0]],"o":[[-11.923,16.889],[-3.8,15.631],[21.6,0],[8.413,-11.894],[0,0]],"v":[[-27.16,-29.138],[-47.519,-6.032],[-13.61,29.138],[37.586,3.93],[48.42,-13.058]],"c":false}]},{"i":{"x":0.667,"y":1},"o":{"x":0.333,"y":0},"t":279,"s":[{"i":[[0,0],[3.683,-12.364],[-34.803,-0.374],[-8.589,12.142],[0,0]],"o":[[-9.636,16.565],[-4.592,15.417],[37.434,0.402],[8.413,-11.894],[0,0]],"v":[[-34.448,-16.735],[-53.532,3.055],[-13.61,29.138],[33.27,6.28],[44.103,-10.707]],"c":false}]},{"t":289,"s":[{"i":[[0,0],[2.785,-11.456],[-30.047,0],[-8.589,12.142],[0,0]],"o":[[-11.923,16.889],[-3.8,15.631],[21.6,0],[8.413,-11.894],[0,0]],"v":[[-27.16,-29.138],[-47.519,-6.032],[-13.61,29.138],[37.586,3.93],[48.42,-13.058]],"c":false}]}],"ix":2},"nm":"Path 1","mn":"ADBE Vector Shape - Group","hd":false},{"ty":"st","c":{"a":0,"k":[0.329411774874,0.662745118141,0.870588243008,1],"ix":3},"o":{"a":0,"k":100,"ix":4},"w":{"a":0,"k":12.577,"ix":5},"lc":2,"lj":2,"bm":0,"nm":"Stroke 1","mn":"ADBE Vector Graphic - Stroke","hd":false},{"ty":"fl","c":{"a":0,"k":[0.905882358551,0.92549020052,0.941176474094,1],"ix":4},"o":{"a":0,"k":100,"ix":5},"r":1,"bm":0,"nm":"Fill 1","mn":"ADBE Vector Graphic - Fill","hd":false},{"ty":"tr","p":{"a":0,"k":[0,0],"ix":2},"a":{"a":0,"k":[0,0],"ix":1},"s":{"a":0,"k":[100,100],"ix":3},"r":{"a":0,"k":0,"ix":6},"o":{"a":0,"k":100,"ix":7},"sk":{"a":0,"k":0,"ix":4},"sa":{"a":0,"k":0,"ix":5},"nm":"Transform"}],"nm":"Group 1","np":3,"cix":2,"bm":0,"ix":1,"mn":"ADBE Vector Group","hd":false}],"ip":0,"op":600,"st":0,"bm":0},{"ddd":0,"ind":18,"ty":4,"nm":"mouth_1","parent":19,"sr":1,"ks":{"o":{"a":0,"k":100,"ix":11},"r":{"a":0,"k":0,"ix":10},"p":{"a":1,"k":[{"i":{"x":0.25,"y":0.25},"o":{"x":0.167,"y":0.167},"t":192,"s":[302.28,202.72,0],"to":[0,0,0],"ti":[0,0,0]},{"i":{"x":0.833,"y":1},"o":{"x":0.33,"y":0},"t":212,"s":[302.28,202.72,0],"to":[0,0,0],"ti":[0,0,0]},{"i":{"x":0.833,"y":0.833},"o":{"x":0.167,"y":0.167},"t":218,"s":[309.627,202.767,0],"to":[0,0,0],"ti":[0,0,0]},{"i":{"x":0.833,"y":0.833},"o":{"x":0.167,"y":0.167},"t":224,"s":[309.627,202.767,0],"to":[0,0,0],"ti":[0,0,0]},{"i":{"x":0.833,"y":0.833},"o":{"x":0.167,"y":0.167},"t":239,"s":[309.627,202.767,0],"to":[0,0,0],"ti":[0,0,0]},{"i":{"x":0.833,"y":1},"o":{"x":0.167,"y":0},"t":269,"s":[309.627,202.767,0],"to":[0,0,0],"ti":[0,0,0]},{"t":289,"s":[302.28,202.72,0]}],"ix":2,"l":2},"a":{"a":0,"k":[0,0,0],"ix":1,"l":2},"s":{"a":0,"k":[100,100,100],"ix":6,"l":2}},"ao":0,"shapes":[{"ty":"gr","it":[{"ind":0,"ty":"sh","ix":1,"ks":{"a":1,"k":[{"i":{"x":0.833,"y":1},"o":{"x":0.167,"y":0},"t":192,"s":[{"i":[[0,-8.583],[-8.518,0],[0,8.583],[11.736,0]],"o":[[0,8.583],[8.518,0],[0,-8.583],[-11.736,0]],"v":[[-21.752,4.149],[0.002,9.048],[20.748,4.149],[-0.502,-11.392]],"c":true}]},{"i":{"x":0.833,"y":1},"o":{"x":0.167,"y":0},"t":212,"s":[{"i":[[0,-6.463],[-11.525,0],[0,6.463],[15.879,0]],"o":[[0,6.463],[11.525,0],[0,-6.463],[-15.879,0]],"v":[[-28.194,-6.992],[1.686,-9.079],[29.309,-6.992],[1.005,-24.47]],"c":true}]},{"i":{"x":0.833,"y":1},"o":{"x":0.167,"y":0},"t":218,"s":[{"i":[[0,-7.105],[-7.105,0],[0,7.105],[7.105,0]],"o":[[0,7.105],[7.105,0],[0,-7.105],[-7.105,0]],"v":[[0.396,-2.839],[13.26,10.025],[26.124,-2.839],[13.26,-15.704]],"c":true}]},{"i":{"x":0.833,"y":1},"o":{"x":0.167,"y":0},"t":224,"s":[{"i":[[0,-8.518],[-8.518,0],[0,8.518],[8.518,0]],"o":[[0,8.518],[8.518,0],[0,-8.518],[-8.518,0]],"v":[[-15.423,0],[0,15.423],[15.423,0],[0,-15.423]],"c":true}]},{"i":{"x":0.833,"y":1},"o":{"x":0.167,"y":0},"t":239,"s":[{"i":[[0,-8.583],[-8.518,0],[0,8.583],[11.736,0]],"o":[[0,8.583],[8.518,0],[0,-8.583],[-11.736,0]],"v":[[-21.752,4.149],[0.002,9.048],[20.748,4.149],[-0.502,-11.392]],"c":true}]},{"i":{"x":0.833,"y":0.833},"o":{"x":0.167,"y":0},"t":269,"s":[{"i":[[0,-8.583],[-8.518,0],[0,8.583],[11.736,0]],"o":[[0,8.583],[8.518,0],[0,-8.583],[-11.736,0]],"v":[[-21.752,4.149],[0.002,9.048],[20.748,4.149],[-0.502,-11.392]],"c":true}]},{"i":{"x":0.833,"y":1},"o":{"x":0.167,"y":0.167},"t":279,"s":[{"i":[[0,-6.778],[-8.518,0],[0,6.778],[11.736,0]],"o":[[0,6.778],[8.518,0],[0,-6.778],[-11.736,0]],"v":[[-24.525,5.755],[0.002,9.048],[22.896,5.755],[-0.515,-1.28]],"c":true}]},{"t":289,"s":[{"i":[[0,-8.583],[-8.518,0],[0,8.583],[11.736,0]],"o":[[0,8.583],[8.518,0],[0,-8.583],[-11.736,0]],"v":[[-21.752,4.149],[0.002,9.048],[20.748,4.149],[-0.502,-11.392]],"c":true}]}],"ix":2},"nm":"Path 1","mn":"ADBE Vector Shape - Group","hd":false},{"ty":"fl","c":{"a":0,"k":[0,0,0,1],"ix":4},"o":{"a":0,"k":100,"ix":5},"r":1,"bm":0,"nm":"Fill 1","mn":"ADBE Vector Graphic - Fill","hd":false},{"ty":"tr","p":{"a":0,"k":[0,0],"ix":2},"a":{"a":0,"k":[0,0],"ix":1},"s":{"a":0,"k":[100,100],"ix":3},"r":{"a":0,"k":0,"ix":6},"o":{"a":0,"k":100,"ix":7},"sk":{"a":0,"k":0,"ix":4},"sa":{"a":0,"k":0,"ix":5},"nm":"Transform"}],"nm":"Group 1","np":2,"cix":2,"bm":0,"ix":1,"mn":"ADBE Vector Group","hd":false}],"ip":0,"op":600,"st":0,"bm":0},{"ddd":0,"ind":19,"ty":4,"nm":"mouth_2","parent":5,"sr":1,"ks":{"o":{"a":0,"k":100,"ix":11},"r":{"a":0,"k":0,"ix":10},"p":{"a":0,"k":[50.842,61.917,0],"ix":2,"l":2},"a":{"a":0,"k":[301.823,202.767,0],"ix":1,"l":2},"s":{"a":1,"k":[{"i":{"x":[0.667,0.667,0.667],"y":[1,1,1]},"o":{"x":[0.333,0.333,0.333],"y":[0,0,0]},"t":192,"s":[100,100,100]},{"i":{"x":[0.667,0.667,0.667],"y":[1,1,1]},"o":{"x":[0.333,0.333,0.333],"y":[0,0,0]},"t":212,"s":[118.4,79.2,100]},{"i":{"x":[0.667,0.667,0.667],"y":[1,1,1]},"o":{"x":[0.333,0.333,0.333],"y":[0,0,0]},"t":218,"s":[100,100,100]},{"i":{"x":[0.667,0.667,0.667],"y":[1,1,1]},"o":{"x":[0.333,0.333,0.333],"y":[0,0,0]},"t":224,"s":[96.4,109.1,100]},{"i":{"x":[0.667,0.667,0.667],"y":[1,1,1]},"o":{"x":[0.167,0.167,0.167],"y":[0,0,0]},"t":234,"s":[105.2,96.4,100]},{"t":249,"s":[100,100,100]}],"ix":6,"l":2}},"ao":0,"shapes":[{"ty":"gr","it":[{"ind":0,"ty":"sh","ix":1,"ks":{"a":1,"k":[{"i":{"x":0.833,"y":1},"o":{"x":0.167,"y":0},"t":184,"s":[{"i":[[0,20.961],[-23.661,0],[0,-20.961],[23.661,0]],"o":[[0,-20.961],[23.661,0],[0,20.961],[-23.661,0]],"v":[[-46.342,-0.6],[-3.5,-38.553],[39.342,-0.6],[-3.5,37.353]],"c":true}]},{"i":{"x":0.833,"y":1},"o":{"x":0.167,"y":0},"t":192,"s":[{"i":[[0,22.363],[-23.661,0],[0,-22.363],[23.661,0]],"o":[[0,-22.363],[23.661,0],[0,22.363],[-23.661,0]],"v":[[-46.342,0.802],[-3.5,-38.553],[39.342,0.802],[-3.5,41.294]],"c":true}]},{"i":{"x":0.833,"y":1},"o":{"x":0.167,"y":0},"t":212,"s":[{"i":[[0,18.921],[-23.661,0],[0,-18.921],[23.661,0]],"o":[[0,-18.921],[23.661,0],[0,18.921],[-23.661,0]],"v":[[-46.342,-2.64],[-3.5,-38.553],[39.342,-2.64],[-3.5,31.62]],"c":true}]},{"i":{"x":0.833,"y":1},"o":{"x":0.167,"y":0},"t":218,"s":[{"i":[[0,20.188],[-23.661,0],[0,-20.188],[23.661,0]],"o":[[0,-20.188],[23.661,0],[0,20.188],[-23.661,0]],"v":[[-42.842,0],[0,-36.553],[42.842,0],[0,36.553]],"c":true}]},{"i":{"x":0.833,"y":1},"o":{"x":0.167,"y":0},"t":269,"s":[{"i":[[0,20.188],[-23.661,0],[0,-20.188],[23.661,0]],"o":[[0,-20.188],[23.661,0],[0,20.188],[-23.661,0]],"v":[[-42.842,0],[0,-36.553],[42.842,0],[0,36.553]],"c":true}]},{"t":289,"s":[{"i":[[0,20.961],[-23.661,0],[0,-20.961],[23.661,0]],"o":[[0,-20.961],[23.661,0],[0,20.961],[-23.661,0]],"v":[[-46.342,-0.6],[-3.5,-38.553],[39.342,-0.6],[-3.5,37.353]],"c":true}]}],"ix":2},"nm":"Path 1","mn":"ADBE Vector Shape - Group","hd":false},{"ty":"fl","c":{"a":0,"k":[1,0.811764717102,0.415686279535,1],"ix":4},"o":{"a":0,"k":100,"ix":5},"r":1,"bm":0,"nm":"Fill 1","mn":"ADBE Vector Graphic - Fill","hd":false},{"ty":"tr","p":{"a":0,"k":[305.2,196.326],"ix":2},"a":{"a":0,"k":[0,0],"ix":1},"s":{"a":0,"k":[100,100],"ix":3},"r":{"a":0,"k":0,"ix":6},"o":{"a":0,"k":100,"ix":7},"sk":{"a":0,"k":0,"ix":4},"sa":{"a":0,"k":0,"ix":5},"nm":"Transform"}],"nm":"Group 1","np":2,"cix":2,"bm":0,"ix":1,"mn":"ADBE Vector Group","hd":false},{"ty":"gr","it":[{"ind":0,"ty":"sh","ix":1,"ks":{"a":1,"k":[{"i":{"x":0.667,"y":1},"o":{"x":0.333,"y":0},"t":192,"s":[{"i":[[0,28.354],[-30.785,0],[0,-28.354],[30.785,0]],"o":[[0,-28.354],[30.785,0],[0,28.354],[-30.785,0]],"v":[[-55.74,0],[0,-51.34],[55.74,0],[0,51.34]],"c":true}]},{"i":{"x":0.667,"y":1},"o":{"x":0.333,"y":0},"t":212,"s":[{"i":[[0,28.354],[-30.785,0],[0,-28.354],[30.785,0]],"o":[[0,-28.354],[30.785,0],[0,28.354],[-30.785,0]],"v":[[-55.74,0],[0,-51.34],[55.74,0],[0,51.34]],"c":true}]},{"t":218,"s":[{"i":[[0,28.354],[-30.785,0],[0,-28.354],[30.785,0]],"o":[[0,-28.354],[30.785,0],[0,28.354],[-30.785,0]],"v":[[-55.74,0],[0,-51.34],[55.74,0],[0,51.34]],"c":true}]}],"ix":2},"nm":"Path 1","mn":"ADBE Vector Shape - Group","hd":false},{"ty":"st","c":{"a":0,"k":[1,0.466666668653,0,1],"ix":3},"o":{"a":0,"k":100,"ix":4},"w":{"a":0,"k":12.577,"ix":5},"lc":1,"lj":1,"ml":10,"bm":0,"nm":"Stroke 1","mn":"ADBE Vector Graphic - Stroke","hd":false},{"ty":"fl","c":{"a":0,"k":[1,0.674509823322,0.298039227724,1],"ix":4},"o":{"a":0,"k":100,"ix":5},"r":1,"bm":0,"nm":"Fill 1","mn":"ADBE Vector Graphic - Fill","hd":false},{"ty":"tr","p":{"a":0,"k":[301.823,202.767],"ix":2},"a":{"a":0,"k":[0,0],"ix":1},"s":{"a":0,"k":[100,100],"ix":3},"r":{"a":0,"k":0,"ix":6},"o":{"a":0,"k":100,"ix":7},"sk":{"a":0,"k":0,"ix":4},"sa":{"a":0,"k":0,"ix":5},"nm":"Transform"}],"nm":"Group 2","np":3,"cix":2,"bm":0,"ix":2,"mn":"ADBE Vector Group","hd":false}],"ip":0,"op":600,"st":0,"bm":0},{"ddd":0,"ind":20,"ty":4,"nm":"eye_L_1","parent":5,"sr":1,"ks":{"o":{"a":1,"k":[{"i":{"x":[0.833],"y":[0.833]},"o":{"x":[0.167],"y":[0.167]},"t":194,"s":[0]},{"i":{"x":[0.833],"y":[0.833]},"o":{"x":[0.167],"y":[0.167]},"t":195,"s":[100]},{"i":{"x":[0.833],"y":[0.833]},"o":{"x":[0.167],"y":[0.167]},"t":213,"s":[100]},{"t":214,"s":[0]}],"ix":11},"r":{"a":0,"k":0,"ix":10},"p":{"a":0,"k":[-35.231,35.275,0],"ix":2,"l":2},"a":{"a":0,"k":[78.5,-34.75,0],"ix":1,"l":2},"s":{"a":0,"k":[-110,110,100],"ix":6,"l":2}},"ao":0,"shapes":[{"ty":"gr","it":[{"ind":0,"ty":"sh","ix":1,"ks":{"a":0,"k":{"i":[[0,0],[0,0],[-17,-7]],"o":[[-26.75,1.25],[0,0],[0,0]],"v":[[95.75,-42.25],[59.25,-27.25],[97.75,-27.75]],"c":false},"ix":2},"nm":"Path 1","mn":"ADBE Vector Shape - Group","hd":false},{"ty":"st","c":{"a":0,"k":[0,0,0,1],"ix":3},"o":{"a":0,"k":100,"ix":4},"w":{"a":0,"k":7,"ix":5},"lc":2,"lj":2,"bm":0,"nm":"Stroke 1","mn":"ADBE Vector Graphic - Stroke","hd":false},{"ty":"tr","p":{"a":0,"k":[0,0],"ix":2},"a":{"a":0,"k":[0,0],"ix":1},"s":{"a":0,"k":[100,100],"ix":3},"r":{"a":0,"k":0,"ix":6},"o":{"a":0,"k":100,"ix":7},"sk":{"a":0,"k":0,"ix":4},"sa":{"a":0,"k":0,"ix":5},"nm":"Transform"}],"nm":"Shape 1","np":3,"cix":2,"bm":0,"ix":1,"mn":"ADBE Vector Group","hd":false}],"ip":0,"op":600,"st":0,"bm":0},{"ddd":0,"ind":21,"ty":4,"nm":"eye_L","parent":5,"sr":1,"ks":{"o":{"a":1,"k":[{"i":{"x":[0.833],"y":[0.833]},"o":{"x":[0.167],"y":[0.167]},"t":194,"s":[100]},{"i":{"x":[0.833],"y":[0.833]},"o":{"x":[0.167],"y":[0.167]},"t":195,"s":[0]},{"i":{"x":[0.833],"y":[0.833]},"o":{"x":[0.167],"y":[0.167]},"t":213,"s":[0]},{"t":214,"s":[100]}],"ix":11},"r":{"a":0,"k":0,"ix":10},"p":{"a":0,"k":[-31.034,38.083,0],"ix":2,"l":2},"a":{"a":0,"k":[0,0,0],"ix":1,"l":2},"s":{"a":0,"k":[100,100,100],"ix":6,"l":2}},"ao":0,"shapes":[{"ty":"gr","it":[{"ind":0,"ty":"sh","ix":1,"ks":{"a":1,"k":[{"i":{"x":0.833,"y":0.833},"o":{"x":0.167,"y":0},"t":269,"s":[{"i":[[0,9.238],[8.307,0],[0,-9.238],[-8.307,0]],"o":[[0,-9.238],[-8.307,0],[0,9.238],[8.307,0]],"v":[[16.747,-4.309],[0,-12.368],[-17.201,-4.309],[0,12.417]],"c":true}]},{"i":{"x":0.833,"y":1},"o":{"x":0.167,"y":0.167},"t":279,"s":[{"i":[[0,6.828],[8.307,0],[0,-6.828],[-8.307,0]],"o":[[0,-6.828],[-8.307,0],[0,6.828],[8.307,0]],"v":[[15.042,4.789],[0,-6.113],[-15.042,4.789],[0,12.417]],"c":true}]},{"t":289,"s":[{"i":[[0,9.238],[8.307,0],[0,-9.238],[-8.307,0]],"o":[[0,-9.238],[-8.307,0],[0,9.238],[8.307,0]],"v":[[16.747,-4.309],[0,-12.368],[-17.201,-4.309],[0,12.417]],"c":true}]}],"ix":2},"nm":"Path 1","mn":"ADBE Vector Shape - Group","hd":false},{"ty":"fl","c":{"a":0,"k":[0,0,0,1],"ix":4},"o":{"a":0,"k":100,"ix":5},"r":1,"bm":0,"nm":"Fill 1","mn":"ADBE Vector Graphic - Fill","hd":false},{"ty":"tr","p":{"a":0,"k":[0,0],"ix":2},"a":{"a":0,"k":[0,0],"ix":1},"s":{"a":0,"k":[100,100],"ix":3},"r":{"a":0,"k":0,"ix":6},"o":{"a":0,"k":100,"ix":7},"sk":{"a":0,"k":0,"ix":4},"sa":{"a":0,"k":0,"ix":5},"nm":"Transform"}],"nm":"Group 1","np":2,"cix":2,"bm":0,"ix":1,"mn":"ADBE Vector Group","hd":false}],"ip":0,"op":600,"st":0,"bm":0},{"ddd":0,"ind":22,"ty":4,"nm":"eye_R_1","parent":5,"sr":1,"ks":{"o":{"a":1,"k":[{"i":{"x":[0.833],"y":[0.833]},"o":{"x":[0.167],"y":[0.167]},"t":194,"s":[0]},{"i":{"x":[0.833],"y":[0.833]},"o":{"x":[0.167],"y":[0.167]},"t":195,"s":[100]},{"i":{"x":[0.833],"y":[0.833]},"o":{"x":[0.167],"y":[0.167]},"t":213,"s":[100]},{"t":214,"s":[0]}],"ix":11},"r":{"a":0,"k":0,"ix":10},"p":{"a":0,"k":[136.894,35.275,0],"ix":2,"l":2},"a":{"a":0,"k":[78.5,-34.75,0],"ix":1,"l":2},"s":{"a":0,"k":[110,110,100],"ix":6,"l":2}},"ao":0,"shapes":[{"ty":"gr","it":[{"ind":0,"ty":"sh","ix":1,"ks":{"a":0,"k":{"i":[[0,0],[0,0],[-17,-7]],"o":[[-26.75,1.25],[0,0],[0,0]],"v":[[95.75,-42.25],[59.25,-27.25],[97.75,-27.75]],"c":false},"ix":2},"nm":"Path 1","mn":"ADBE Vector Shape - Group","hd":false},{"ty":"st","c":{"a":0,"k":[0,0,0,1],"ix":3},"o":{"a":0,"k":100,"ix":4},"w":{"a":0,"k":7,"ix":5},"lc":2,"lj":2,"bm":0,"nm":"Stroke 1","mn":"ADBE Vector Graphic - Stroke","hd":false},{"ty":"tr","p":{"a":0,"k":[0,0],"ix":2},"a":{"a":0,"k":[0,0],"ix":1},"s":{"a":0,"k":[100,100],"ix":3},"r":{"a":0,"k":0,"ix":6},"o":{"a":0,"k":100,"ix":7},"sk":{"a":0,"k":0,"ix":4},"sa":{"a":0,"k":0,"ix":5},"nm":"Transform"}],"nm":"Shape 1","np":3,"cix":2,"bm":0,"ix":1,"mn":"ADBE Vector Group","hd":false}],"ip":0,"op":600,"st":0,"bm":0},{"ddd":0,"ind":23,"ty":4,"nm":"eye_R","parent":5,"sr":1,"ks":{"o":{"a":1,"k":[{"i":{"x":[0.833],"y":[0.833]},"o":{"x":[0.167],"y":[0.167]},"t":194,"s":[100]},{"i":{"x":[0.833],"y":[0.833]},"o":{"x":[0.167],"y":[0.167]},"t":195,"s":[0]},{"i":{"x":[0.833],"y":[0.833]},"o":{"x":[0.167],"y":[0.167]},"t":213,"s":[0]},{"t":214,"s":[100]}],"ix":11},"r":{"a":0,"k":0,"ix":10},"p":{"a":0,"k":[131.091,38.083,0],"ix":2,"l":2},"a":{"a":0,"k":[0,0,0],"ix":1,"l":2},"s":{"a":0,"k":[100,100,100],"ix":6,"l":2}},"ao":0,"shapes":[{"ty":"gr","it":[{"ind":0,"ty":"sh","ix":1,"ks":{"a":1,"k":[{"i":{"x":0.833,"y":1},"o":{"x":0.167,"y":0},"t":213,"s":[{"i":[[0,9.238],[8.307,0],[0,-9.238],[-8.307,0]],"o":[[0,-9.238],[-8.307,0],[0,9.238],[8.307,0]],"v":[[16.747,-4.309],[0,-12.368],[-17.201,-4.309],[0,12.417]],"c":true}]},{"i":{"x":0.833,"y":1},"o":{"x":0.167,"y":0},"t":214,"s":[{"i":[[0,9.238],[8.307,0],[0,-9.238],[-8.307,0]],"o":[[0,-9.238],[-8.307,0],[0,9.238],[8.307,0]],"v":[[15.042,-4.309],[0,-12.368],[-15.042,-4.309],[0,12.417]],"c":true}]},{"i":{"x":0.833,"y":0.833},"o":{"x":0.167,"y":0},"t":269,"s":[{"i":[[0,9.238],[8.307,0],[0,-9.238],[-8.307,0]],"o":[[0,-9.238],[-8.307,0],[0,9.238],[8.307,0]],"v":[[15.042,-4.309],[0,-12.368],[-15.042,-4.309],[0,12.417]],"c":true}]},{"i":{"x":0.833,"y":1},"o":{"x":0.167,"y":0.167},"t":279,"s":[{"i":[[0,6.828],[8.307,0],[0,-6.828],[-8.307,0]],"o":[[0,-6.828],[-8.307,0],[0,6.828],[8.307,0]],"v":[[15.042,4.789],[0,-6.113],[-15.042,4.789],[0,12.417]],"c":true}]},{"t":289,"s":[{"i":[[0,9.238],[8.307,0],[0,-9.238],[-8.307,0]],"o":[[0,-9.238],[-8.307,0],[0,9.238],[8.307,0]],"v":[[16.747,-4.309],[0,-12.368],[-17.201,-4.309],[0,12.417]],"c":true}]}],"ix":2},"nm":"Path 1","mn":"ADBE Vector Shape - Group","hd":false},{"ty":"fl","c":{"a":0,"k":[0,0,0,1],"ix":4},"o":{"a":0,"k":100,"ix":5},"r":1,"bm":0,"nm":"Fill 1","mn":"ADBE Vector Graphic - Fill","hd":false},{"ty":"tr","p":{"a":0,"k":[0,0],"ix":2},"a":{"a":0,"k":[0,0],"ix":1},"s":{"a":0,"k":[100,100],"ix":3},"r":{"a":0,"k":0,"ix":6},"o":{"a":0,"k":100,"ix":7},"sk":{"a":0,"k":0,"ix":4},"sa":{"a":0,"k":0,"ix":5},"nm":"Transform"}],"nm":"Group 1","np":2,"cix":2,"bm":0,"ix":1,"mn":"ADBE Vector Group","hd":false}],"ip":0,"op":600,"st":0,"bm":0},{"ddd":0,"ind":24,"ty":3,"nm":"NULL","parent":2,"sr":1,"ks":{"o":{"a":0,"k":0,"ix":11},"r":{"a":1,"k":[{"i":{"x":[0.667],"y":[1]},"o":{"x":[0.333],"y":[0]},"t":286,"s":[0]},{"i":{"x":[0.667],"y":[1]},"o":{"x":[0.333],"y":[0]},"t":296,"s":[-2]},{"i":{"x":[0.667],"y":[1]},"o":{"x":[0.333],"y":[0]},"t":306,"s":[2]},{"i":{"x":[0.667],"y":[1]},"o":{"x":[0.333],"y":[0]},"t":316,"s":[-2]},{"t":326,"s":[0]}],"ix":10},"p":{"a":0,"k":[50,52.16,0],"ix":2,"l":2},"a":{"a":0,"k":[50,50,0],"ix":1,"l":2},"s":{"a":0,"k":[103.093,97.087,100],"ix":6,"l":2}},"ao":0,"ip":0,"op":600,"st":0,"bm":0},{"ddd":0,"ind":25,"ty":4,"nm":"BODY","parent":24,"sr":1,"ks":{"o":{"a":0,"k":100,"ix":11},"r":{"a":1,"k":[{"i":{"x":[0.667],"y":[1]},"o":{"x":[0.333],"y":[0]},"t":182,"s":[0]},{"i":{"x":[0.25],"y":[1]},"o":{"x":[0.333],"y":[0]},"t":190,"s":[2]},{"i":{"x":[0.667],"y":[1]},"o":{"x":[0.33],"y":[0]},"t":210,"s":[-5]},{"i":{"x":[0.667],"y":[1]},"o":{"x":[0.333],"y":[0]},"t":216,"s":[5]},{"i":{"x":[0.667],"y":[1]},"o":{"x":[0.333],"y":[0]},"t":226,"s":[0]},{"i":{"x":[0.667],"y":[1]},"o":{"x":[0.167],"y":[0]},"t":271,"s":[0]},{"i":{"x":[0.667],"y":[1]},"o":{"x":[0.167],"y":[0]},"t":283,"s":[-1.2]},{"t":297,"s":[0]}],"ix":10},"p":{"a":1,"k":[{"i":{"x":0.667,"y":1},"o":{"x":0.333,"y":0},"t":185,"s":[50,47.775,0],"to":[0,0,0],"ti":[0,0,0]},{"i":{"x":0.25,"y":1},"o":{"x":0.333,"y":0},"t":193,"s":[50,52.902,0],"to":[0,0,0],"ti":[0,0,0]},{"i":{"x":0.667,"y":1},"o":{"x":0.33,"y":0},"t":213,"s":[50,37.475,0],"to":[0,0,0],"ti":[0,0,0]},{"i":{"x":0.667,"y":1},"o":{"x":0.333,"y":0},"t":219,"s":[50,58.075,0],"to":[0,0,0],"ti":[0,0,0]},{"i":{"x":0.667,"y":0.667},"o":{"x":0.333,"y":0.333},"t":229,"s":[50,47.775,0],"to":[0,0,0],"ti":[0,0,0]},{"i":{"x":0.667,"y":1},"o":{"x":0.333,"y":0},"t":270,"s":[50,47.775,0],"to":[0,0,0],"ti":[0,0,0]},{"i":{"x":0.667,"y":1},"o":{"x":0.333,"y":0},"t":280,"s":[50,58.075,0],"to":[0,0,0],"ti":[0,0,0]},{"t":290,"s":[50,47.775,0]}],"ix":2,"l":2},"a":{"a":0,"k":[249.34,391.578,0],"ix":1,"l":2},"s":{"a":1,"k":[{"i":{"x":[0.667,0.667,0.667],"y":[1,1,1]},"o":{"x":[0.167,0.167,0.167],"y":[0,0,0]},"t":184,"s":[97,103,100]},{"i":{"x":[0.25,0.25,0.25],"y":[1,1,1]},"o":{"x":[0.333,0.333,0.333],"y":[0,0,0]},"t":192,"s":[101.856,97.844,100]},{"i":{"x":[0.667,0.667,0.667],"y":[1,1,1]},"o":{"x":[0.33,0.33,0.33],"y":[0,0,0]},"t":212,"s":[87.31,113.287,100]},{"i":{"x":[0.667,0.667,0.667],"y":[1,1,1]},"o":{"x":[0.333,0.333,0.333],"y":[0,0,0]},"t":218,"s":[106.742,92.664,100]},{"i":{"x":[0.667,0.667,0.667],"y":[1,1,1]},"o":{"x":[0.333,0.333,0.333],"y":[0,0,0]},"t":228,"s":[92.15,108.15,100]},{"i":{"x":[0.667,0.667,0.667],"y":[1,1,1]},"o":{"x":[0.333,0.333,0.333],"y":[0,0,0]},"t":239,"s":[99.91,99.91,100]},{"i":{"x":[0.667,0.667,0.667],"y":[1,1,1]},"o":{"x":[0.333,0.333,0.333],"y":[0,0,0]},"t":252,"s":[97,103,100]},{"i":{"x":[0.667,0.667,0.667],"y":[1,1,1]},"o":{"x":[0.333,0.333,0.333],"y":[0,0,0]},"t":269,"s":[97,103,100]},{"i":{"x":[0.667,0.667,0.667],"y":[1,1,1]},"o":{"x":[0.333,0.333,0.333],"y":[0,0,0]},"t":279,"s":[106.702,92.698,100]},{"i":{"x":[0.667,0.667,0.667],"y":[1,1,1]},"o":{"x":[0.167,0.167,0.167],"y":[0,0,0]},"t":286,"s":[94.092,106.088,100]},{"t":295,"s":[97,103,100]}],"ix":6,"l":2}},"ao":0,"shapes":[{"ty":"gr","it":[{"ind":0,"ty":"sh","ix":1,"ks":{"a":1,"k":[{"i":{"x":0.667,"y":1},"o":{"x":0.333,"y":0},"t":187,"s":[{"i":[[0,0],[0,46.673],[-95.772,0],[0,-95.772],[29.991,-31.173]],"o":[[-29.991,-31.173],[0,-95.772],[95.772,0],[0,46.673],[0,0]],"v":[[-124.981,146.812],[-173.411,26.599],[0,-146.812],[173.411,26.599],[124.981,146.812]],"c":false}]},{"i":{"x":0.25,"y":1},"o":{"x":0.333,"y":0},"t":195,"s":[{"i":[[0,0],[0,45.733],[-100.05,0],[0,-93.844],[29.991,-31.173]],"o":[[-29.991,-31.173],[0,-93.844],[100.05,0],[0,45.733],[0,0]],"v":[[-124.981,146.812],[-181.855,28.528],[-0.699,-141.391],[180.458,28.528],[124.981,146.812]],"c":false}]},{"i":{"x":0.667,"y":1},"o":{"x":0.33,"y":0},"t":215,"s":[{"i":[[0,0],[0,48.436],[-95.772,0],[0,-99.39],[29.991,-31.173]],"o":[[-29.991,-31.173],[0,-99.39],[95.772,0],[0,48.436],[0,0]],"v":[[-124.981,146.812],[-166.762,22.982],[0,-156.979],[165.132,22.982],[124.981,146.812]],"c":false}]},{"i":{"x":0.667,"y":1},"o":{"x":0.333,"y":0},"t":221,"s":[{"i":[[0,0],[0,45.142],[-95.772,0],[0,-92.63],[29.991,-31.173]],"o":[[-29.991,-31.173],[0,-92.63],[95.772,0],[0,45.142],[0,0]],"v":[[-124.981,146.812],[-181.762,29.742],[0,-137.979],[183.022,29.742],[124.981,146.812]],"c":false}]},{"i":{"x":0.667,"y":1},"o":{"x":0.333,"y":0},"t":231,"s":[{"i":[[0,0],[0,46.673],[-95.772,0],[0,-95.772],[29.991,-31.173]],"o":[[-29.991,-31.173],[0,-95.772],[95.772,0],[0,46.673],[0,0]],"v":[[-124.981,146.812],[-173.411,26.599],[0,-146.812],[173.411,26.599],[124.981,146.812]],"c":false}]},{"i":{"x":0.833,"y":0.833},"o":{"x":0.333,"y":0},"t":272,"s":[{"i":[[0,0],[0,46.673],[-95.772,0],[0,-95.772],[29.991,-31.173]],"o":[[-29.991,-31.173],[0,-95.772],[95.772,0],[0,46.673],[0,0]],"v":[[-124.981,146.812],[-173.411,26.599],[0,-146.812],[173.411,26.599],[124.981,146.812]],"c":false}]},{"i":{"x":0.667,"y":1},"o":{"x":0.167,"y":0.167},"t":282,"s":[{"i":[[0,0],[0,45.142],[-95.772,0],[0,-92.63],[29.991,-31.173]],"o":[[-29.991,-31.173],[0,-92.63],[95.772,0],[0,45.142],[0,0]],"v":[[-124.981,146.812],[-181.762,29.742],[0,-137.979],[183.022,29.742],[124.981,146.812]],"c":false}]},{"t":292,"s":[{"i":[[0,0],[0,46.673],[-95.772,0],[0,-95.772],[29.991,-31.173]],"o":[[-29.991,-31.173],[0,-95.772],[95.772,0],[0,46.673],[0,0]],"v":[[-124.981,146.812],[-173.411,26.599],[0,-146.812],[173.411,26.599],[124.981,146.812]],"c":false}]}],"ix":2},"nm":"Path 1","mn":"ADBE Vector Shape - Group","hd":false},{"ty":"st","c":{"a":0,"k":[0.329411774874,0.662745118141,0.870588243008,1],"ix":3},"o":{"a":0,"k":100,"ix":4},"w":{"a":0,"k":12.577,"ix":5},"lc":2,"lj":2,"bm":0,"nm":"Stroke 1","mn":"ADBE Vector Graphic - Stroke","hd":false},{"ty":"tr","p":{"a":0,"k":[248.762,210.979],"ix":2},"a":{"a":0,"k":[0,0],"ix":1},"s":{"a":0,"k":[100,100],"ix":3},"r":{"a":0,"k":0,"ix":6},"o":{"a":0,"k":100,"ix":7},"sk":{"a":0,"k":0,"ix":4},"sa":{"a":0,"k":0,"ix":5},"nm":"Transform"}],"nm":"Group 1","np":2,"cix":2,"bm":0,"ix":1,"mn":"ADBE Vector Group","hd":false},{"ty":"gr","it":[{"ind":0,"ty":"sh","ix":1,"ks":{"a":1,"k":[{"i":{"x":0.667,"y":1},"o":{"x":0.333,"y":0},"t":187,"s":[{"i":[[0,-87.225],[87.75,0],[0,87.225],[-87.75,0]],"o":[[0,87.225],[-87.75,0],[0,-87.225],[87.75,0]],"v":[[143.675,6.708],[-5.532,150.367],[-174.095,6.708],[-15.21,-151.227]],"c":true}]},{"i":{"x":0.25,"y":1},"o":{"x":0.333,"y":0},"t":195,"s":[{"i":[[0,-85.469],[87.75,0],[0,85.469],[-91.669,0]],"o":[[0,85.469],[-87.75,0],[0,-85.469],[91.669,0]],"v":[[150.093,8.877],[-5.532,150.367],[-181.869,8.877],[-15.888,-145.877]],"c":true}]},{"i":{"x":0.667,"y":1},"o":{"x":0.33,"y":0},"t":215,"s":[{"i":[[0,-90.52],[87.75,0],[0,90.52],[-87.75,0]],"o":[[0,90.52],[-87.75,0],[0,-90.52],[87.75,0]],"v":[[124.556,-1.035],[-16.547,154.768],[-179.536,-1.035],[-26,-164.935]],"c":true}]},{"i":{"x":0.667,"y":1},"o":{"x":0.333,"y":0},"t":221,"s":[{"i":[[-7.089,-76.508],[87.75,0],[0,84.363],[-87.747,0.663]],"o":[[7.783,84.003],[-87.75,0],[0,-84.363],[83.676,-0.632]],"v":[[168.556,6.817],[9.453,154.768],[-165.671,6.817],[0,-145.935]],"c":true}]},{"i":{"x":0.667,"y":1},"o":{"x":0.333,"y":0},"t":231,"s":[{"i":[[-0.844,-85.39],[87.75,0],[0,87.225],[-87.737,1.515]],"o":[[0.862,87.221],[-87.75,0],[0,-87.225],[75.52,-1.304]],"v":[[158.885,3.167],[9.453,154.768],[-158.885,3.167],[0,-154.768]],"c":true}]},{"i":{"x":0.833,"y":0.833},"o":{"x":0.333,"y":0},"t":272,"s":[{"i":[[-0.844,-85.39],[87.75,0],[0,87.225],[-87.737,1.515]],"o":[[0.862,87.221],[-87.75,0],[0,-87.225],[75.52,-1.304]],"v":[[158.885,3.167],[9.453,154.768],[-158.885,3.167],[0,-154.768]],"c":true}]},{"i":{"x":0.667,"y":1},"o":{"x":0.167,"y":0.167},"t":282,"s":[{"i":[[0,-84.363],[87.75,0],[0,84.363],[-87.75,0]],"o":[[0,84.363],[-87.75,0],[0,-84.363],[87.75,0]],"v":[[160.556,6.817],[1.453,154.768],[-173.671,6.817],[-8,-145.935]],"c":true}]},{"t":292,"s":[{"i":[[0,-87.225],[87.75,0],[0,87.225],[-87.75,0]],"o":[[0,87.225],[-87.75,0],[0,-87.225],[87.75,0]],"v":[[143.675,6.708],[-5.532,150.367],[-174.095,6.708],[-15.21,-151.227]],"c":true}]}],"ix":2},"nm":"Path 1","mn":"ADBE Vector Shape - Group","hd":false},{"ty":"fl","c":{"a":0,"k":[1,1,1,1],"ix":4},"o":{"a":0,"k":100,"ix":5},"r":1,"bm":0,"nm":"Fill 1","mn":"ADBE Vector Graphic - Fill","hd":false},{"ty":"tr","p":{"a":0,"k":[264.444,218.935],"ix":2},"a":{"a":0,"k":[0,0],"ix":1},"s":{"a":0,"k":[100,100],"ix":3},"r":{"a":0,"k":0,"ix":6},"o":{"a":0,"k":100,"ix":7},"sk":{"a":0,"k":0,"ix":4},"sa":{"a":0,"k":0,"ix":5},"nm":"Transform"}],"nm":"Group 2","np":2,"cix":2,"bm":0,"ix":2,"mn":"ADBE Vector Group","hd":false},{"ty":"gr","it":[{"ind":0,"ty":"sh","ix":1,"ks":{"a":1,"k":[{"i":{"x":0.667,"y":1},"o":{"x":0.333,"y":0},"t":187,"s":[{"i":[[0,-95.772],[95.772,0],[0,95.772],[-95.772,0]],"o":[[0,95.772],[-95.772,0],[0,-95.772],[95.772,0]],"v":[[173.411,0],[0,173.411],[-173.411,0],[0,-173.411]],"c":true}]},{"i":{"x":0.25,"y":1},"o":{"x":0.333,"y":0},"t":195,"s":[{"i":[[0,-93.844],[95.772,0],[0,93.844],[-100.05,0]],"o":[[0,93.844],[-95.772,0],[0,-93.844],[100.05,0]],"v":[[180.458,1.929],[0,173.411],[-181.855,1.929],[-0.699,-167.99]],"c":true}]},{"i":{"x":0.667,"y":1},"o":{"x":0.33,"y":0},"t":215,"s":[{"i":[[0,-99.39],[95.772,0],[0,99.39],[-95.772,0]],"o":[[0,99.39],[-95.772,0],[0,-99.39],[95.772,0]],"v":[[165.132,-3.617],[0,173.411],[-166.762,-3.617],[0,-183.578]],"c":true}]},{"i":{"x":0.667,"y":1},"o":{"x":0.333,"y":0},"t":221,"s":[{"i":[[0,-92.63],[95.772,0],[0,92.63],[-95.772,0]],"o":[[0,92.63],[-95.772,0],[0,-92.63],[95.772,0]],"v":[[183.022,3.143],[0,173.411],[-181.762,3.143],[0,-164.578]],"c":true}]},{"i":{"x":0.667,"y":1},"o":{"x":0.333,"y":0},"t":231,"s":[{"i":[[0,-95.772],[95.772,0],[0,95.772],[-95.772,0]],"o":[[0,95.772],[-95.772,0],[0,-95.772],[95.772,0]],"v":[[173.411,0],[0,173.411],[-173.411,0],[0,-173.411]],"c":true}]},{"i":{"x":0.833,"y":0.833},"o":{"x":0.333,"y":0},"t":272,"s":[{"i":[[0,-95.772],[95.772,0],[0,95.772],[-95.772,0]],"o":[[0,95.772],[-95.772,0],[0,-95.772],[95.772,0]],"v":[[173.411,0],[0,173.411],[-173.411,0],[0,-173.411]],"c":true}]},{"i":{"x":0.667,"y":1},"o":{"x":0.167,"y":0.167},"t":282,"s":[{"i":[[0,-92.63],[95.772,0],[0,92.63],[-95.772,0]],"o":[[0,92.63],[-95.772,0],[0,-92.63],[95.772,0]],"v":[[183.022,3.143],[0,173.411],[-181.762,3.143],[0,-164.578]],"c":true}]},{"t":292,"s":[{"i":[[0,-95.772],[95.772,0],[0,95.772],[-95.772,0]],"o":[[0,95.772],[-95.772,0],[0,-95.772],[95.772,0]],"v":[[173.411,0],[0,173.411],[-173.411,0],[0,-173.411]],"c":true}]}],"ix":2},"nm":"Path 1","mn":"ADBE Vector Shape - Group","hd":false},{"ty":"fl","c":{"a":0,"k":[0.905882358551,0.92549020052,0.941176474094,1],"ix":4},"o":{"a":0,"k":100,"ix":5},"r":1,"bm":0,"nm":"Fill 1","mn":"ADBE Vector Graphic - Fill","hd":false},{"ty":"tr","p":{"a":0,"k":[248.762,237.578],"ix":2},"a":{"a":0,"k":[0,0],"ix":1},"s":{"a":0,"k":[100,100],"ix":3},"r":{"a":0,"k":0,"ix":6},"o":{"a":0,"k":100,"ix":7},"sk":{"a":0,"k":0,"ix":4},"sa":{"a":0,"k":0,"ix":5},"nm":"Transform"}],"nm":"Group 3","np":2,"cix":2,"bm":0,"ix":3,"mn":"ADBE Vector Group","hd":false}],"ip":0,"op":600,"st":0,"bm":0}]}],"layers":[{"ddd":0,"ind":1,"ty":0,"nm":"Pre-comp 284","refId":"comp_0","sr":1,"ks":{"o":{"a":0,"k":100,"ix":11},"r":{"a":0,"k":0,"ix":10},"p":{"a":0,"k":[256,256,0],"ix":2,"l":2},"a":{"a":0,"k":[256,256,0],"ix":1,"l":2},"s":{"a":0,"k":[100,100,100],"ix":6,"l":2}},"ao":0,"w":512,"h":512,"ip":287,"op":438,"st":107,"bm":0},{"ddd":0,"ind":2,"ty":0,"nm":"Pre-comp 284","refId":"comp_0","sr":1,"ks":{"o":{"a":0,"k":100,"ix":11},"r":{"a":0,"k":0,"ix":10},"p":{"a":0,"k":[256,256,0],"ix":2,"l":2},"a":{"a":0,"k":[256,256,0],"ix":1,"l":2},"s":{"a":0,"k":[100,100,100],"ix":6,"l":2}},"ao":0,"w":512,"h":512,"ip":136,"op":287,"st":-44,"bm":0}],"markers":[{"tm":180,"cm":"1","dr":0},{"tm":331,"cm":"2","dr":0}]}